close,high,low,open,time,volume,date
420.09,426.42,419.87,423.81,1603166400,193700.0,2020-10-20 04:00:00
419.73,426.42,416.48,421.47,1603252800,237100.0,2020-10-21 04:00:00
423.59,427.83,417.57,421.34,1603339200,357200.0,2020-10-22 04:00:00
429.66,429.73,423.55,429.67,1603425600,227000.0,2020-10-23 04:00:00
428.96,434.93,426.23,427.67,1603684800,394800.0,2020-10-26 04:00:00
443.16,444.96,430.27,430.27,1603771200,385800.0,2020-10-27 04:00:00
422.89,441.48,422.11,434.5,1603857600,475500.0,2020-10-28 04:00:00
441.8,453.2,433.09,440.0,1603944000,557800.0,2020-10-29 04:00:00
424.82,441.72,419.12,438.47,1604030400,611100.0,2020-10-30 04:00:00
431.05,446.74,428.08,430.48,1604293200,552200.0,2020-11-02 05:00:00
444.1,448.29,437.32,437.32,1604379600,382300.0,2020-11-03 05:00:00
469.36,482.5,451.58,455.26,1604466000,734200.0,2020-11-04 05:00:00
467.97,480.19,462.68,473.99,1604552400,440500.0,2020-11-05 05:00:00
478.1,479.15,466.36,469.99,1604638800,519800.0,2020-11-06 05:00:00
436.45,485.0,435.58,485.0,1604898000,822900.0,2020-11-09 05:00:00
441.23,443.72,421.15,431.89,1604984400,865500.0,2020-11-10 05:00:00
455.06,455.74,443.69,443.69,1605070800,432200.0,2020-11-11 05:00:00
449.22,462.56,445.06,459.62,1605157200,396400.0,2020-11-12 05:00:00
453.64,458.35,448.67,452.99,1605243600,254300.0,2020-11-13 05:00:00
455.37,459.43,448.82,452.09,1605502800,499900.0,2020-11-16 05:00:00
455.85,457.0,450.54,454.62,1605589200,315400.0,2020-11-17 05:00:00
444.06,455.0,443.65,451.36,1605675600,347400.0,2020-11-18 05:00:00
457.19,457.81,444.77,444.77,1605762000,318500.0,2020-11-19 05:00:00
464.29,469.13,455.0,456.23,1605848400,411400.0,2020-11-20 05:00:00
459.79,467.26,449.71,467.26,1606107600,440300.0,2020-11-23 05:00:00
446.83,466.77,446.46,459.49,1606194000,494800.0,2020-11-24 05:00:00
446.48,454.82,443.14,449.24,1606280400,338900.0,2020-11-25 05:00:00
454.23,455.97,446.68,452.05,1606453200,173900.0,2020-11-27 05:00:00
460.98,461.09,451.31,454.77,1606712400,589700.0,2020-11-30 05:00:00
467.86,468.98,452.22,461.99,1606798800,386700.0,2020-12-01 05:00:00
462.59,467.5,461.5,465.51,1606885200,352000.0,2020-12-02 05:00:00
460.07,467.83,458.38,463.85,1606971600,352600.0,2020-12-03 05:00:00
457.15,463.26,455.87,462.96,1607058000,387600.0,2020-12-04 05:00:00
459.36,462.7,454.2,455.92,1607317200,320400.0,2020-12-07 05:00:00
460.69,461.92,453.24,461.92,1607403600,436200.0,2020-12-08 05:00:00
449.88,462.45,449.11,458.91,1607490000,436100.0,2020-12-09 05:00:00
454.27,456.05,449.04,450.49,1607576400,592500.0,2020-12-10 05:00:00
456.23,457.62,447.82,455.57,1607662800,327200.0,2020-12-11 05:00:00
458.17,477.37,457.28,458.84,1607922000,460800.0,2020-12-14 05:00:00
464.96,467.4,453.8,460.66,1608008400,287700.0,2020-12-15 05:00:00
467.58,474.3,463.46,466.53,1608094800,466600.0,2020-12-16 05:00:00
477.8,477.8,468.35,471.69,1608181200,369400.0,2020-12-17 05:00:00
485.52,486.99,474.0,478.49,1608267600,898800.0,2020-12-18 05:00:00
489.68,490.44,470.26,480.06,1608526800,383300.0,2020-12-21 05:00:00
499.15,499.62,487.76,488.01,1608613200,331500.0,2020-12-22 05:00:00
493.68,502.0,492.82,499.06,1608699600,253100.0,2020-12-23 05:00:00
497.14,499.12,493.16,495.82,1608786000,69500.0,2020-12-24 05:00:00
494.7,503.83,490.25,503.63,1609131600,216600.0,2020-12-28 05:00:00
494.07,501.04,490.05,497.97,1609218000,247600.0,2020-12-29 05:00:00
496.96,501.29,494.51,497.7,1609304400,195400.0,2020-12-30 05:00:00
499.87,500.41,492.0,495.51,1609390800,228400.0,2020-12-31 05:00:00
491.77,504.66,483.13,503.0,1609736400,472300.0,2021-01-04 05:00:00
497.26,498.93,487.51,488.91,1609822800,356000.0,2021-01-05 05:00:00
483.6,491.67,479.36,489.05,1609909200,634000.0,2021-01-06 05:00:00
495.19,497.49,483.49,483.49,1609995600,499500.0,2021-01-07 05:00:00
513.2,513.56,499.29,499.79,1610082000,401400.0,2021-01-08 05:00:00
506.55,516.87,503.83,515.57,1610341200,441000.0,2021-01-11 05:00:00
496.73,509.47,491.22,507.09,1610427600,353200.0,2021-01-12 05:00:00
497.58,501.56,494.22,496.18,1610514000,299600.0,2021-01-13 05:00:00
488.9,499.75,487.89,497.31,1610600400,333900.0,2021-01-14 05:00:00
489.46,494.24,480.93,487.93,1610686800,340900.0,2021-01-15 05:00:00
484.93,489.3,481.35,489.24,1611032400,327200.0,2021-01-19 05:00:00
495.04,496.78,485.84,486.41,1611118800,285300.0,2021-01-20 05:00:00
496.44,498.56,487.49,493.0,1611205200,254600.0,2021-01-21 05:00:00
492.86,498.98,490.0,490.73,1611291600,329400.0,2021-01-22 05:00:00
489.21,495.97,482.09,492.47,1611550800,349600.0,2021-01-25 05:00:00
478.1,488.35,476.33,488.35,1611637200,346900.0,2021-01-26 05:00:00
465.18,475.81,455.23,474.86,1611723600,583100.0,2021-01-27 05:00:00
482.27,492.81,465.31,465.31,1611810000,493500.0,2021-01-28 05:00:00
478.68,491.88,471.75,481.05,1611896400,493600.0,2021-01-29 05:00:00
492.42,497.65,479.37,483.02,1612155600,573000.0,2021-02-01 05:00:00
506.65,522.9,502.0,504.34,1612242000,702000.0,2021-02-02 05:00:00
485.36,507.63,484.15,504.17,1612328400,605200.0,2021-02-03 05:00:00
494.0,495.12,486.03,487.91,1612414800,440600.0,2021-02-04 05:00:00
502.64,506.0,495.01,496.29,1612501200,299200.0,2021-02-05 05:00:00
495.76,510.25,491.44,504.31,1612760400,427600.0,2021-02-08 05:00:00
505.05,506.28,493.3,497.31,1612846800,442200.0,2021-02-09 05:00:00
516.54,521.49,505.31,509.26,1612933200,540900.0,2021-02-10 05:00:00
528.47,529.45,515.18,519.3,1613019600,411800.0,2021-02-11 05:00:00
544.08,545.85,528.0,530.74,1613106000,325000.0,2021-02-12 05:00:00
538.16,548.58,531.19,545.0,1613451600,406200.0,2021-02-16 05:00:00
540.35,544.56,532.06,535.9,1613538000,371900.0,2021-02-17 05:00:00
551.79,573.99,535.17,537.04,1613624400,1574200.0,2021-02-18 05:00:00
544.13,563.56,542.76,561.21,1613710800,655000.0,2021-02-19 05:00:00
536.91,547.12,534.01,547.12,1613970000,461400.0,2021-02-22 05:00:00
525.22,535.09,508.11,534.82,1614056400,591100.0,2021-02-23 05:00:00
532.88,534.75,517.27,526.23,1614142800,440200.0,2021-02-24 05:00:00
518.28,535.38,509.45,530.08,1614229200,427800.0,2021-02-25 05:00:00
520.17,526.37,507.34,522.9,1614315600,593900.0,2021-02-26 05:00:00
538.17,541.29,521.35,529.68,1614574800,415900.0,2021-03-01 05:00:00
529.47,543.28,527.17,542.08,1614661200,312000.0,2021-03-02 05:00:00
498.02,526.3,495.58,524.76,1614747600,531100.0,2021-03-03 05:00:00
485.85,497.53,480.51,494.9,1614834000,676100.0,2021-03-04 05:00:00
499.7,504.53,478.2,486.0,1614920400,725000.0,2021-03-05 05:00:00
482.6,504.37,481.29,498.53,1615179600,605100.0,2021-03-08 05:00:00
493.57,507.16,493.09,500.33,1615266000,643800.0,2021-03-09 05:00:00
488.78,505.2,488.28,494.01,1615352400,484700.0,2021-03-10 05:00:00
502.94,505.0,493.01,495.7,1615438800,364700.0,2021-03-11 05:00:00
497.75,498.91,486.74,498.91,1615525200,361200.0,2021-03-12 05:00:00
512.76,513.23,498.61,499.89,1615780800,317400.0,2021-03-15 04:00:00
506.92,521.11,502.47,520.0,1615867200,318100.0,2021-03-16 04:00:00
504.9,509.14,497.48,503.57,1615953600,403700.0,2021-03-17 04:00:00
484.47,499.16,483.42,493.52,1616040000,490900.0,2021-03-18 04:00:00
484.88,487.22,479.28,482.58,1616126400,945900.0,2021-03-19 04:00:00
491.37,493.94,485.61,486.34,1616385600,620400.0,2021-03-22 04:00:00
487.66,492.45,485.12,490.09,1616472000,416400.0,2021-03-23 04:00:00
472.97,489.1,471.35,489.1,1616558400,451400.0,2021-03-24 04:00:00
472.11,474.16,462.0,471.5,1616644800,471900.0,2021-03-25 04:00:00
480.22,481.13,465.23,473.03,1616731200,546300.0,2021-03-26 04:00:00
479.18,482.79,469.41,480.02,1616990400,471700.0,2021-03-29 04:00:00
475.95,477.57,469.1,474.37,1617076800,483600.0,2021-03-30 04:00:00
489.31,495.19,479.68,481.52,1617163200,576700.0,2021-03-31 04:00:00
486.36,495.2,484.37,487.49,1617249600,440000.0,2021-04-01 04:00:00
491.31,492.61,482.9,488.0,1617595200,359900.0,2021-04-05 04:00:00
492.9,499.07,489.67,493.21,1617681600,335300.0,2021-04-06 04:00:00
489.27,493.79,487.0,492.54,1617768000,239000.0,2021-04-07 04:00:00
499.66,500.0,493.24,494.87,1617854400,250900.0,2021-04-08 04:00:00
502.88,504.16,496.56,500.08,1617940800,335600.0,2021-04-09 04:00:00
506.43,509.97,498.13,499.82,1618200000,433400.0,2021-04-12 04:00:00
516.94,517.68,508.51,509.0,1618286400,406400.0,2021-04-13 04:00:00
514.16,523.2,512.83,519.99,1618372800,273600.0,2021-04-14 04:00:00
528.46,530.27,518.47,520.0,1618459200,438700.0,2021-04-15 04:00:00
535.0,536.03,526.0,532.43,1618545600,345400.0,2021-04-16 04:00:00
528.58,535.4,526.68,533.28,1618804800,316900.0,2021-04-19 04:00:00
532.27,538.19,528.24,529.31,1618891200,256500.0,2021-04-20 04:00:00
541.08,546.3,530.93,531.53,1618977600,365400.0,2021-04-21 04:00:00
546.26,554.32,538.65,539.23,1619064000,388700.0,2021-04-22 04:00:00
559.1,561.07,549.32,551.23,1619150400,301700.0,2021-04-23 04:00:00
558.42,561.52,554.12,557.99,1619409600,293300.0,2021-04-26 04:00:00
557.54,559.67,552.56,556.85,1619496000,209400.0,2021-04-27 04:00:00
557.81,560.0,551.98,554.3,1619582400,213000.0,2021-04-28 04:00:00
552.63,561.22,548.0,560.43,1619668800,271700.0,2021-04-29 04:00:00
548.99,552.5,544.75,549.11,1619755200,345900.0,2021-04-30 04:00:00
549.88,558.54,546.79,552.77,1620014400,428800.0,2021-05-03 04:00:00
526.88,559.42,517.5,559.22,1620100800,610200.0,2021-05-04 04:00:00
529.92,538.96,527.99,532.6,1620187200,420800.0,2021-05-05 04:00:00
533.18,535.08,522.89,524.31,1620273600,433000.0,2021-05-06 04:00:00
544.26,553.75,538.11,540.0,1620360000,361100.0,2021-05-07 04:00:00
525.26,542.25,525.25,541.01,1620619200,476700.0,2021-05-10 04:00:00
528.19,534.37,517.78,520.74,1620705600,433100.0,2021-05-11 04:00:00
512.31,520.72,507.66,520.0,1620792000,440100.0,2021-05-12 04:00:00
518.07,522.19,513.3,515.43,1620878400,287100.0,2021-05-13 04:00:00
530.07,532.4,517.03,521.11,1620964800,305200.0,2021-05-14 04:00:00
523.62,527.92,520.8,526.68,1621224000,258800.0,2021-05-17 04:00:00
524.86,531.34,519.48,525.2,1621310400,269300.0,2021-05-18 04:00:00
528.14,528.86,514.35,517.75,1621396800,288700.0,2021-05-19 04:00:00
539.24,541.61,528.11,528.46,1621483200,274000.0,2021-05-20 04:00:00
539.34,547.46,538.31,542.42,1621569600,248500.0,2021-05-21 04:00:00
549.71,551.26,544.26,545.0,1621828800,327800.0,2021-05-24 04:00:00
555.19,556.01,548.28,549.45,1621915200,336000.0,2021-05-25 04:00:00
557.33,561.33,552.51,556.06,1622001600,454800.0,2021-05-26 04:00:00
554.04,558.54,545.91,557.59,1622088000,903100.0,2021-05-27 04:00:00
558.11,565.93,555.53,556.77,1622174400,321800.0,2021-05-28 04:00:00
550.59,565.95,548.32,565.64,1622520000,294100.0,2021-06-01 04:00:00
547.56,557.18,545.46,547.17,1622606400,299400.0,2021-06-02 04:00:00
550.3,552.95,539.49,542.31,1622692800,252600.0,2021-06-03 04:00:00
558.36,561.66,555.39,557.66,1622779200,333700.0,2021-06-04 04:00:00
560.35,565.58,556.18,556.6,1623038400,260500.0,2021-06-07 04:00:00
561.31,567.04,556.26,560.77,1623124800,277700.0,2021-06-08 04:00:00
566.66,567.88,561.95,564.96,1623211200,230300.0,2021-06-09 04:00:00
580.53,581.18,564.6,567.28,1623297600,302900.0,2021-06-10 04:00:00
584.47,584.52,576.6,580.36,1623384000,246500.0,2021-06-11 04:00:00
592.36,592.93,580.0,582.55,1623643200,227400.0,2021-06-14 04:00:00
592.26,594.43,587.42,593.84,1623729600,308100.0,2021-06-15 04:00:00
593.52,597.48,587.98,593.25,1623816000,408500.0,2021-06-16 04:00:00
604.2,606.5,591.45,591.45,1623902400,336300.0,2021-06-17 04:00:00
601.05,609.22,599.94,605.05,1623988800,723500.0,2021-06-18 04:00:00
606.63,608.83,592.4,601.05,1624248000,299200.0,2021-06-21 04:00:00
611.64,612.47,602.16,605.25,1624334400,395900.0,2021-06-22 04:00:00
615.88,617.46,606.68,612.61,1624420800,332000.0,2021-06-23 04:00:00
614.93,622.78,605.37,617.41,1624507200,396000.0,2021-06-24 04:00:00
620.64,621.87,614.84,618.88,1624593600,465300.0,2021-06-25 04:00:00
631.9,633.74,621.62,621.93,1624852800,357100.0,2021-06-28 04:00:00
637.08,639.65,627.23,629.66,1624939200,348400.0,2021-06-29 04:00:00
631.55,637.55,628.22,635.56,1625025600,372700.0,2021-06-30 04:00:00
638.95,640.46,627.23,628.81,1625112000,316400.0,2021-07-01 04:00:00
648.2,649.55,639.54,643.31,1625198400,287900.0,2021-07-02 04:00:00
658.99,660.3,644.67,650.0,1625544000,352600.0,2021-07-06 04:00:00
665.31,667.0,658.55,661.9,1625630400,420900.0,2021-07-07 04:00:00
659.94,662.59,647.66,657.84,1625716800,391600.0,2021-07-08 04:00:00
667.03,669.2,653.34,657.54,1625803200,332800.0,2021-07-09 04:00:00
659.54,666.18,655.53,661.63,1626062400,422600.0,2021-07-12 04:00:00
662.58,664.92,658.28,661.45,1626148800,244600.0,2021-07-13 04:00:00
659.85,666.99,657.96,664.79,1626235200,342400.0,2021-07-14 04:00:00
657.42,659.57,649.39,659.07,1626321600,450900.0,2021-07-15 04:00:00
667.76,670.74,658.44,659.55,1626408000,351700.0,2021-07-16 04:00:00
669.4,670.84,659.34,661.58,1626667200,335500.0,2021-07-19 04:00:00
669.39,675.09,663.08,670.92,1626753600,591800.0,2021-07-20 04:00:00
670.51,671.35,652.0,667.84,1626840000,380700.0,2021-07-21 04:00:00
683.03,683.47,673.09,673.13,1626926400,305300.0,2021-07-22 04:00:00
693.74,696.35,679.92,680.6,1627012800,243900.0,2021-07-23 04:00:00
685.67,691.14,677.76,691.14,1627272000,253500.0,2021-07-26 04:00:00
686.95,692.06,681.17,688.8,1627358400,272700.0,2021-07-27 04:00:00
695.58,698.17,684.13,684.13,1627444800,280900.0,2021-07-28 04:00:00
704.16,706.95,692.29,692.45,1627531200,465800.0,2021-07-29 04:00:00
678.53,681.17,655.5,666.31,1627617600,697200.0,2021-07-30 04:00:00
678.72,688.69,666.85,687.41,1627876800,354600.0,2021-08-02 04:00:00
695.67,698.44,681.22,682.19,1627963200,468600.0,2021-08-03 04:00:00
698.48,706.51,694.97,696.12,1628049600,358400.0,2021-08-04 04:00:00
705.76,706.14,692.84,698.87,1628136000,265800.0,2021-08-05 04:00:00
685.2,698.9,673.09,695.69,1628222400,388900.0,2021-08-06 04:00:00
686.41,688.77,680.29,685.2,1628481600,240500.0,2021-08-09 04:00:00
671.53,688.14,669.26,688.14,1628568000,349700.0,2021-08-10 04:00:00
665.32,676.29,657.12,672.64,1628654400,342700.0,2021-08-11 04:00:00
675.67,676.89,663.05,663.05,1628740800,266400.0,2021-08-12 04:00:00
672.1,678.0,665.75,671.46,1628827200,215900.0,2021-08-13 04:00:00
675.48,676.34,668.09,673.77,1629086400,334100.0,2021-08-16 04:00:00
678.12,679.74,668.21,669.84,1629172800,264800.0,2021-08-17 04:00:00
676.94,684.31,676.61,677.02,1629259200,267700.0,2021-08-18 04:00:00
681.71,690.0,673.1,674.88,1629345600,397900.0,2021-08-19 04:00:00
682.14,685.23,672.53,681.71,1629432000,378500.0,2021-08-20 04:00:00
671.11,683.15,669.31,683.15,1629691200,472200.0,2021-08-23 04:00:00
672.54,673.54,667.25,671.72,1629777600,398400.0,2021-08-24 04:00:00
676.42,678.4,665.94,675.42,1629864000,357800.0,2021-08-25 04:00:00
673.36,681.91,670.04,676.93,1629950400,292600.0,2021-08-26 04:00:00
668.27,681.25,667.55,673.9,1630036800,316100.0,2021-08-27 04:00:00
686.97,690.11,666.92,667.27,1630296000,410300.0,2021-08-30 04:00:00
673.76,689.06,667.32,689.06,1630382400,557500.0,2021-08-31 04:00:00
676.9,678.42,659.27,671.64,1630468800,394900.0,2021-09-01 04:00:00
685.44,687.69,676.97,677.38,1630555200,331900.0,2021-09-02 04:00:00
688.33,692.16,680.19,682.1,1630641600,294300.0,2021-09-03 04:00:00
681.67,686.2,667.08,684.04,1630987200,459000.0,2021-09-07 04:00:00
687.7,695.18,677.51,681.84,1631073600,344900.0,2021-09-08 04:00:00
676.57,692.32,675.66,690.03,1631160000,340300.0,2021-09-09 04:00:00
681.61,686.13,675.53,679.86,1631246400,293700.0,2021-09-10 04:00:00
655.05,687.03,646.47,687.03,1631505600,514400.0,2021-09-13 04:00:00
661.39,669.54,659.48,663.22,1631592000,401900.0,2021-09-14 04:00:00
661.65,668.92,658.95,660.62,1631678400,663100.0,2021-09-15 04:00:00
663.45,666.16,651.49,664.45,1631764800,671000.0,2021-09-16 04:00:00
661.71,664.8,655.11,661.45,1631851200,967600.0,2021-09-17 04:00:00
659.78,668.69,651.54,657.1,1632110400,725200.0,2021-09-20 04:00:00
666.87,668.51,659.3,663.95,1632196800,739100.0,2021-09-21 04:00:00
671.47,672.43,660.04,670.2,1632283200,320100.0,2021-09-22 04:00:00
682.58,689.95,670.66,674.99,1632369600,369800.0,2021-09-23 04:00:00
679.64,684.21,671.34,678.74,1632456000,255700.0,2021-09-24 04:00:00
650.02,674.45,640.21,672.97,1632715200,558800.0,2021-09-27 04:00:00
626.85,644.79,621.65,644.4,1632801600,555400.0,2021-09-28 04:00:00
629.55,637.44,627.51,631.38,1632888000,281300.0,2021-09-29 04:00:00
621.9,638.15,620.86,633.72,1632974400,381500.0,2021-09-30 04:00:00
623.98,626.08,608.37,623.15,1633060800,439100.0,2021-10-01 04:00:00
614.19,621.62,597.69,619.28,1633320000,472900.0,2021-10-04 04:00:00
614.8,625.77,614.09,617.66,1633406400,467200.0,2021-10-05 04:00:00
617.17,618.13,601.18,612.5,1633492800,586100.0,2021-10-06 04:00:00
623.01,637.83,621.4,621.4,1633579200,261500.0,2021-10-07 04:00:00
617.02,631.93,611.44,623.73,1633665600,213700.0,2021-10-08 04:00:00
612.77,621.43,612.19,617.0,1633924800,182100.0,2021-10-11 04:00:00
615.91,621.23,613.33,619.5,1634011200,287400.0,2021-10-12 04:00:00
623.12,625.34,618.16,622.2,1634097600,255200.0,2021-10-13 04:00:00
629.72,641.65,628.36,630.87,1634184000,456300.0,2021-10-14 04:00:00
635.15,637.37,631.76,631.76,1634270400,262000.0,2021-10-15 04:00:00
638.29,638.9,621.73,630.95,1634529600,254400.0,2021-10-18 04:00:00
640.99,650.47,639.36,643.49,1634616000,225400.0,2021-10-19 04:00:00
642.2,651.59,640.75,646.3,1634702400,211500.0,2021-10-20 04:00:00
645.24,647.81,634.95,643.17,1634788800,235700.0,2021-10-21 04:00:00
651.85,655.74,647.6,648.63,1634875200,164500.0,2021-10-22 04:00:00
652.52,655.93,647.54,651.24,1635134400,189600.0,2021-10-25 04:00:00
651.96,657.29,648.9,654.61,1635220800,236800.0,2021-10-26 04:00:00
640.5,652.4,636.93,651.96,1635307200,255400.0,2021-10-27 04:00:00
653.02,654.55,640.99,645.94,1635393600,279900.0,2021-10-28 04:00:00
666.14,672.93,645.72,650.16,1635480000,472600.0,2021-10-29 04:00:00
666.48,670.93,656.18,665.08,1635739200,453000.0,2021-11-01 04:00:00
627.35,654.97,620.0,654.62,1635825600,738400.0,2021-11-02 04:00:00
625.66,627.18,597.84,624.9,1635912000,610500.0,2021-11-03 04:00:00
639.96,642.01,621.97,628.46,1635998400,411100.0,2021-11-04 04:00:00
637.4,655.0,634.33,639.65,1636084800,338900.0,2021-11-05 04:00:00
634.21,642.37,624.24,638.0,1636347600,300200.0,2021-11-08 05:00:00
629.26,633.95,624.44,630.72,1636434000,244600.0,2021-11-09 05:00:00
622.43,631.0,620.38,626.87,1636520400,278800.0,2021-11-10 05:00:00
615.05,627.31,612.63,623.72,1636606800,268200.0,2021-11-11 05:00:00
628.18,629.71,618.5,618.5,1636693200,288000.0,2021-11-12 05:00:00
618.96,628.71,618.8,627.56,1636952400,238400.0,2021-11-15 05:00:00
633.22,638.4,620.25,620.25,1637038800,327400.0,2021-11-16 05:00:00
627.99,636.01,622.25,632.46,1637125200,311700.0,2021-11-17 05:00:00
634.0,641.86,625.39,633.75,1637211600,289700.0,2021-11-18 05:00:00
647.27,649.94,632.59,638.88,1637298000,293300.0,2021-11-19 05:00:00
634.68,656.38,634.24,644.66,1637557200,345800.0,2021-11-22 05:00:00
619.98,631.65,612.34,631.06,1637643600,390000.0,2021-11-23 05:00:00
622.45,622.75,613.78,619.13,1637730000,442800.0,2021-11-24 05:00:00
607.52,632.84,604.0,619.59,1637902800,260600.0,2021-11-26 05:00:00
631.3,636.43,609.11,613.27,1638162000,370400.0,2021-11-29 05:00:00
608.07,639.51,603.0,628.15,1638248400,754200.0,2021-11-30 05:00:00
599.45,621.18,598.74,612.99,1638334800,363300.0,2021-12-01 05:00:00
599.01,603.0,583.96,594.92,1638421200,638300.0,2021-12-02 05:00:00
586.54,608.11,575.59,603.36,1638507600,451900.0,2021-12-03 05:00:00
592.21,595.41,579.53,586.81,1638766800,566500.0,2021-12-06 05:00:00
611.43,615.28,595.91,597.27,1638853200,368200.0,2021-12-07 05:00:00
618.55,619.36,609.62,612.83,1638939600,211000.0,2021-12-08 05:00:00
607.58,623.9,607.55,618.55,1639026000,260200.0,2021-12-09 05:00:00
607.9,620.06,605.75,612.52,1639112400,294800.0,2021-12-10 05:00:00
605.34,614.84,601.93,608.82,1639371600,367400.0,2021-12-13 05:00:00
596.35,603.96,586.64,602.46,1639458000,351500.0,2021-12-14 05:00:00
611.56,612.0,596.79,598.1,1639544400,426000.0,2021-12-15 05:00:00
607.56,619.28,606.65,613.25,1639630800,429700.0,2021-12-16 05:00:00
616.88,624.0,604.03,604.07,1639717200,738300.0,2021-12-17 05:00:00
604.11,614.04,595.24,611.62,1639976400,345900.0,2021-12-20 05:00:00
624.06,624.99,606.51,607.87,1640062800,328900.0,2021-12-21 05:00:00
640.03,641.05,624.06,624.06,1640149200,339100.0,2021-12-22 05:00:00
645.02,649.76,640.51,641.58,1640235600,266200.0,2021-12-23 05:00:00
654.84,656.34,646.77,648.0,1640581200,177900.0,2021-12-27 05:00:00
651.28,659.94,649.35,659.47,1640667600,172800.0,2021-12-28 05:00:00
655.69,660.15,648.4,652.52,1640754000,247900.0,2021-12-29 05:00:00
661.32,664.7,655.13,655.4,1640840400,206000.0,2021-12-30 05:00:00
658.46,664.65,656.42,659.84,1640926800,217000.0,2021-12-31 05:00:00
631.01,656.31,625.28,655.66,1641186000,418200.0,2022-01-03 05:00:00
605.42,629.99,597.16,629.99,1641272400,605200.0,2022-01-04 05:00:00
583.46,612.45,583.3,612.45,1641358800,518600.0,2022-01-05 05:00:00
576.36,588.95,572.75,577.89,1641445200,484900.0,2022-01-06 05:00:00
550.3,571.5,549.91,568.77,1641531600,603600.0,2022-01-07 05:00:00
558.65,559.47,535.73,537.49,1641790800,577000.0,2022-01-10 05:00:00
555.06,558.82,544.75,556.38,1641877200,609100.0,2022-01-11 05:00:00
554.63,565.98,550.42,558.58,1641963600,383000.0,2022-01-12 05:00:00
534.2,556.53,533.44,556.46,1642050000,400500.0,2022-01-13 05:00:00
529.35,534.96,520.0,527.23,1642136400,570400.0,2022-01-14 05:00:00
518.17,524.86,512.0,514.6,1642482000,594900.0,2022-01-18 05:00:00
519.13,532.71,518.62,521.68,1642568400,394000.0,2022-01-19 05:00:00
511.15,535.31,510.15,523.62,1642654800,400200.0,2022-01-20 05:00:00
501.96,514.34,500.01,509.0,1642741200,582000.0,2022-01-21 05:00:00
511.65,513.05,484.67,495.8,1643000400,803600.0,2022-01-24 05:00:00
478.19,505.89,476.01,501.03,1643086800,787500.0,2022-01-25 05:00:00
466.52,484.87,460.36,479.75,1643173200,724700.0,2022-01-26 05:00:00
471.08,482.41,466.7,470.01,1643259600,1024000.0,2022-01-27 05:00:00
489.05,489.23,463.94,471.79,1643346000,561400.0,2022-01-28 05:00:00
507.3,509.58,488.99,489.05,1643605200,788700.0,2022-01-31 05:00:00
513.51,514.78,502.33,512.15,1643691600,685600.0,2022-02-01 05:00:00
534.23,574.33,527.34,538.0,1643778000,999700.0,2022-02-02 05:00:00
538.95,543.05,522.73,525.17,1643864400,959300.0,2022-02-03 05:00:00
526.44,538.29,520.66,534.14,1643950800,510000.0,2022-02-04 05:00:00
517.76,531.74,514.3,523.66,1644210000,438300.0,2022-02-07 05:00:00
521.61,526.92,513.23,518.84,1644296400,396000.0,2022-02-08 05:00:00
531.81,539.0,522.04,528.89,1644382800,364800.0,2022-02-09 05:00:00
526.2,537.15,519.8,520.58,1644469200,430200.0,2022-02-10 05:00:00
515.05,532.1,512.01,527.21,1644555600,328900.0,2022-02-11 05:00:00
505.53,518.0,500.72,514.88,1644814800,404700.0,2022-02-14 05:00:00
510.87,520.0,506.81,513.77,1644901200,475300.0,2022-02-15 05:00:00
508.01,511.2,495.5,509.0,1644987600,409000.0,2022-02-16 05:00:00
493.35,507.66,492.9,503.94,1645074000,519900.0,2022-02-17 05:00:00
489.45,497.2,486.11,495.04,1645160400,497300.0,2022-02-18 05:00:00
488.64,499.93,485.5,488.35,1645506000,569100.0,2022-02-22 05:00:00
474.68,492.26,473.17,490.0,1645592400,448200.0,2022-02-23 05:00:00
509.77,511.68,468.53,470.31,1645678800,705400.0,2022-02-24 05:00:00
522.45,524.02,503.65,509.78,1645765200,476500.0,2022-02-25 05:00:00
532.35,534.1,516.2,516.2,1646024400,757600.0,2022-02-28 05:00:00
535.14,540.53,527.66,527.66,1646110800,619600.0,2022-03-01 05:00:00
539.97,545.97,536.91,537.31,1646197200,467500.0,2022-03-02 05:00:00
538.52,553.11,534.05,545.24,1646283600,375400.0,2022-03-03 05:00:00
535.71,539.55,527.81,537.54,1646370000,438200.0,2022-03-04 05:00:00
517.28,538.26,516.38,535.24,1646629200,521500.0,2022-03-07 05:00:00
507.78,524.71,501.36,510.63,1646715600,804500.0,2022-03-08 05:00:00
529.92,532.72,518.43,521.2,1646802000,558500.0,2022-03-09 05:00:00
524.44,525.87,511.41,518.95,1646888400,525300.0,2022-03-10 05:00:00
498.08,532.02,497.64,530.7,1646974800,334100.0,2022-03-11 05:00:00
486.33,509.13,484.57,498.02,1647230400,368000.0,2022-03-14 04:00:00
502.93,505.08,488.09,492.42,1647316800,390100.0,2022-03-15 04:00:00
520.19,528.08,500.85,511.04,1647403200,373200.0,2022-03-16 04:00:00
527.09,529.37,515.0,517.14,1647489600,349300.0,2022-03-17 04:00:00
542.46,546.85,522.26,527.04,1647576000,690400.0,2022-03-18 04:00:00
539.59,544.56,528.34,535.54,1647835200,558500.0,2022-03-21 04:00:00
552.46,554.17,536.61,538.57,1647921600,528600.0,2022-03-22 04:00:00
536.06,548.74,535.0,548.56,1648008000,582700.0,2022-03-23 04:00:00
540.39,540.41,529.65,537.76,1648094400,336600.0,2022-03-24 04:00:00
538.93,546.53,528.87,544.47,1648180800,446300.0,2022-03-25 04:00:00
539.54,547.06,527.76,541.07,1648440000,461800.0,2022-03-28 04:00:00
551.76,560.92,545.55,549.14,1648526400,462000.0,2022-03-29 04:00:00
548.68,551.74,543.37,549.58,1648612800,437800.0,2022-03-30 04:00:00
547.06,558.55,547.05,551.0,1648699200,760400.0,2022-03-31 04:00:00
553.44,553.46,542.75,546.54,1648785600,430600.0,2022-04-01 04:00:00
548.08,558.01,543.71,553.44,1649044800,379100.0,2022-04-04 04:00:00
545.04,551.47,540.14,547.55,1649131200,354000.0,2022-04-05 04:00:00
534.92,538.45,526.4,537.98,1649217600,539700.0,2022-04-06 04:00:00
551.26,554.97,532.23,532.23,1649304000,438500.0,2022-04-07 04:00:00
547.12,553.33,546.31,548.59,1649390400,367700.0,2022-04-08 04:00:00
514.48,543.81,513.65,538.14,1649649600,490100.0,2022-04-11 04:00:00
497.24,525.9,492.52,517.95,1649736000,497600.0,2022-04-12 04:00:00
508.61,511.77,496.17,500.73,1649822400,451500.0,2022-04-13 04:00:00
496.78,511.15,496.4,510.3,1649908800,432400.0,2022-04-14 04:00:00
486.81,495.53,483.46,492.8,1650254400,432100.0,2022-04-18 04:00:00
500.85,503.89,485.11,485.11,1650340800,367100.0,2022-04-19 04:00:00
513.39,517.04,498.84,505.79,1650427200,372900.0,2022-04-20 04:00:00
492.52,517.91,491.21,516.41,1650513600,327300.0,2022-04-21 04:00:00
473.64,494.41,472.67,489.79,1650600000,503800.0,2022-04-22 04:00:00
472.27,475.4,464.68,471.6,1650859200,629500.0,2022-04-25 04:00:00
455.56,470.47,455.34,467.91,1650945600,749800.0,2022-04-26 04:00:00
447.18,461.38,445.72,455.69,1651032000,770600.0,2022-04-27 04:00:00
448.35,453.09,440.31,451.73,1651118400,1019400.0,2022-04-28 04:00:00
430.48,454.59,429.13,446.47,1651204800,713500.0,2022-04-29 04:00:00
432.46,437.27,420.62,429.37,1651464000,835600.0,2022-05-02 04:00:00
435.96,441.01,429.59,436.53,1651550400,912800.0,2022-05-03 04:00:00
411.31,419.2,381.11,382.0,1651636800,2104500.0,2022-05-04 04:00:00
385.11,402.67,377.43,400.0,1651723200,1505100.0,2022-05-05 04:00:00
366.64,383.87,358.18,380.17,1651809600,1527800.0,2022-05-06 04:00:00
345.02,365.27,343.62,362.96,1652068800,1151900.0,2022-05-09 04:00:00
340.18,358.75,334.75,354.61,1652155200,1249300.0,2022-05-10 04:00:00
333.9,346.32,332.0,337.97,1652241600,889200.0,2022-05-11 04:00:00
347.95,348.41,330.66,330.66,1652328000,1019100.0,2022-05-12 04:00:00
362.18,367.55,351.99,352.95,1652414400,833800.0,2022-05-13 04:00:00
360.2,362.98,354.49,359.6,1652673600,579600.0,2022-05-16 04:00:00
366.36,368.86,356.55,363.93,1652760000,591500.0,2022-05-17 04:00:00
357.33,361.73,350.88,361.59,1652846400,1010300.0,2022-05-18 04:00:00
364.83,369.36,356.1,357.18,1652932800,851900.0,2022-05-19 04:00:00
372.23,375.13,362.74,370.61,1653019200,768200.0,2022-05-20 04:00:00
368.33,371.91,359.0,371.62,1653278400,591500.0,2022-05-23 04:00:00
362.16,366.98,357.28,366.98,1653364800,505900.0,2022-05-24 04:00:00
367.86,369.99,359.11,360.08,1653451200,501300.0,2022-05-25 04:00:00
384.92,386.55,370.02,370.93,1653537600,842000.0,2022-05-26 04:00:00
398.61,398.96,388.49,388.49,1653624000,627900.0,2022-05-27 04:00:00
391.62,397.65,388.07,397.65,1653969600,897200.0,2022-05-31 04:00:00
369.63,393.49,369.27,390.31,1654056000,705300.0,2022-06-01 04:00:00
386.34,386.73,368.9,369.43,1654142400,590300.0,2022-06-02 04:00:00
372.63,382.02,371.86,382.02,1654228800,394900.0,2022-06-03 04:00:00
372.22,378.64,368.32,376.31,1654488000,557100.0,2022-06-06 04:00:00
376.79,377.84,367.15,368.67,1654574400,357700.0,2022-06-07 04:00:00
371.97,380.11,370.77,376.45,1654660800,353400.0,2022-06-08 04:00:00
359.7,370.09,359.68,368.45,1654747200,410100.0,2022-06-09 04:00:00
345.89,353.1,345.6,351.62,1654833600,688000.0,2022-06-10 04:00:00
336.2,339.92,331.54,332.89,1655092800,882400.0,2022-06-13 04:00:00
328.99,338.01,322.78,336.2,1655179200,729200.0,2022-06-14 04:00:00
333.94,339.06,325.77,333.45,1655265600,640800.0,2022-06-15 04:00:00
327.37,329.15,318.5,326.34,1655352000,811700.0,2022-06-16 04:00:00
328.05,336.31,327.38,331.58,1655438400,1419200.0,2022-06-17 04:00:00
332.03,334.84,329.53,331.26,1655784000,544700.0,2022-06-21 04:00:00
333.11,337.73,328.5,330.39,1655870400,473700.0,2022-06-22 04:00:00
355.62,355.94,337.45,337.94,1655956800,676300.0,2022-06-23 04:00:00
361.48,366.55,357.77,358.67,1656043200,854000.0,2022-06-24 04:00:00
359.03,364.3,354.78,359.58,1656302400,516000.0,2022-06-27 04:00:00
349.21,363.85,347.92,360.23,1656388800,430800.0,2022-06-28 04:00:00
358.22,361.92,342.69,346.11,1656475200,683900.0,2022-06-29 04:00:00
350.73,357.51,342.51,355.41,1656561600,607100.0,2022-06-30 04:00:00
358.44,359.53,348.57,352.33,1656648000,369100.0,2022-07-01 04:00:00
366.87,366.97,351.78,356.7,1656993600,734200.0,2022-07-05 04:00:00
375.22,380.78,366.98,369.56,1657080000,696000.0,2022-07-06 04:00:00
382.52,383.2,370.73,371.8,1657166400,724700.0,2022-07-07 04:00:00
378.45,383.38,375.71,380.43,1657252800,403500.0,2022-07-08 04:00:00
369.66,375.2,366.82,373.8,1657512000,559400.0,2022-07-11 04:00:00
362.46,379.59,360.39,372.75,1657598400,478400.0,2022-07-12 04:00:00
363.33,366.59,350.39,354.05,1657684800,368400.0,2022-07-13 04:00:00
366.06,367.2,356.35,361.47,1657771200,495100.0,2022-07-14 04:00:00
370.14,376.34,368.42,372.59,1657857600,470800.0,2022-07-15 04:00:00
360.6,373.54,359.55,371.2,1658116800,382000.0,2022-07-18 04:00:00
377.1,379.7,366.3,369.41,1658203200,645500.0,2022-07-19 04:00:00
383.81,386.73,374.39,376.59,1658289600,546900.0,2022-07-20 04:00:00
398.35,398.91,387.37,388.0,1658376000,673300.0,2022-07-21 04:00:00
393.51,408.6,389.62,397.75,1658462400,576000.0,2022-07-22 04:00:00
375.56,383.86,371.9,381.33,1658721600,681400.0,2022-07-25 04:00:00
377.0,381.6,373.05,378.98,1658808000,514300.0,2022-07-26 04:00:00
385.96,387.48,376.85,376.85,1658894400,542300.0,2022-07-27 04:00:00
398.56,399.04,383.62,388.59,1658980800,591900.0,2022-07-28 04:00:00
399.18,403.2,391.92,397.82,1659067200,544200.0,2022-07-29 04:00:00
398.13,401.97,392.59,393.51,1659326400,634200.0,2022-08-01 04:00:00
398.93,410.0,380.38,390.11,1659412800,1097900.0,2022-08-02 04:00:00
406.87,410.52,396.61,399.07,1659499200,587200.0,2022-08-03 04:00:00
405.02,410.17,401.31,407.23,1659585600,475300.0,2022-08-04 04:00:00
407.78,409.74,394.51,397.34,1659672000,441900.0,2022-08-05 04:00:00
407.0,417.77,406.33,411.08,1659931200,473400.0,2022-08-08 04:00:00
388.6,407.01,388.36,404.05,1660017600,574600.0,2022-08-09 04:00:00
400.29,401.57,394.41,399.74,1660104000,594800.0,2022-08-10 04:00:00
396.68,409.95,395.14,401.85,1660190400,477000.0,2022-08-11 04:00:00
396.43,407.09,393.88,398.3,1660276800,553000.0,2022-08-12 04:00:00
390.85,398.63,387.87,398.63,1660536000,542700.0,2022-08-15 04:00:00
382.24,387.9,370.96,387.9,1660622400,641100.0,2022-08-16 04:00:00
374.01,379.34,368.17,377.73,1660708800,561500.0,2022-08-17 04:00:00
374.75,376.1,366.25,374.01,1660795200,671100.0,2022-08-18 04:00:00
373.74,376.67,369.78,373.07,1660881600,698700.0,2022-08-19 04:00:00
358.4,369.0,356.13,368.16,1661140800,600200.0,2022-08-22 04:00:00
356.91,359.12,352.3,356.06,1661227200,316400.0,2022-08-23 04:00:00
360.55,362.75,355.5,358.16,1661313600,549400.0,2022-08-24 04:00:00
371.21,371.87,360.9,362.64,1661400000,398700.0,2022-08-25 04:00:00
349.9,374.5,349.13,371.5,1661486400,603300.0,2022-08-26 04:00:00
349.05,351.85,345.75,346.97,1661745600,435000.0,2022-08-29 04:00:00
348.84,353.69,345.66,350.64,1661832000,393700.0,2022-08-30 04:00:00
347.62,356.07,346.25,353.97,1661918400,604900.0,2022-08-31 04:00:00
349.93,350.5,337.9,345.01,1662004800,480600.0,2022-09-01 04:00:00
343.83,355.59,341.13,354.57,1662091200,374000.0,2022-09-02 04:00:00
341.73,346.9,340.01,343.79,1662436800,470500.0,2022-09-06 04:00:00
354.68,355.71,341.4,343.63,1662523200,365300.0,2022-09-07 04:00:00
364.95,365.06,349.22,349.38,1662609600,433100.0,2022-09-08 04:00:00
374.13,376.44,365.2,365.79,1662696000,604500.0,2022-09-09 04:00:00
376.59,379.61,373.47,375.1,1662955200,410800.0,2022-09-12 04:00:00
350.43,364.0,348.15,363.72,1663041600,904500.0,2022-09-13 04:00:00
350.47,353.94,347.73,349.82,1663128000,414100.0,2022-09-14 04:00:00
349.84,363.8,348.87,350.88,1663214400,525500.0,2022-09-15 04:00:00
342.56,346.07,337.61,346.07,1663300800,815800.0,2022-09-16 04:00:00
339.67,342.35,333.84,340.51,1663560000,369700.0,2022-09-19 04:00:00
338.0,339.49,330.57,336.73,1663646400,461400.0,2022-09-20 04:00:00
333.48,348.95,333.09,339.49,1663732800,655700.0,2022-09-21 04:00:00
326.08,331.68,325.74,331.39,1663819200,605100.0,2022-09-22 04:00:00
334.2,334.76,321.79,325.41,1663905600,688600.0,2022-09-23 04:00:00
331.22,341.94,329.58,334.39,1664164800,690100.0,2022-09-26 04:00:00
329.73,337.82,328.4,335.64,1664251200,548500.0,2022-09-27 04:00:00
334.03,337.11,329.3,333.07,1664337600,690400.0,2022-09-28 04:00:00
331.81,334.25,326.57,330.0,1664424000,375700.0,2022-09-29 04:00:00
325.8,342.41,325.57,333.59,1664510400,563500.0,2022-09-30 04:00:00
336.68,338.83,322.45,328.0,1664769600,468000.0,2022-10-03 04:00:00
348.59,352.39,343.1,343.54,1664856000,539400.0,2022-10-04 04:00:00
350.12,352.2,339.84,343.31,1664942400,430600.0,2022-10-05 04:00:00
346.02,353.95,345.0,349.2,1665028800,274200.0,2022-10-06 04:00:00
333.24,342.53,331.57,341.4,1665115200,593900.0,2022-10-07 04:00:00
324.72,337.8,319.38,337.8,1665374400,503700.0,2022-10-10 04:00:00
325.71,331.11,319.02,324.8,1665460800,417100.0,2022-10-11 04:00:00
328.12,330.87,325.19,329.53,1665547200,353100.0,2022-10-12 04:00:00
335.22,339.66,317.06,318.3,1665633600,525400.0,2022-10-13 04:00:00
324.64,342.28,324.08,340.38,1665720000,480600.0,2022-10-14 04:00:00
339.49,343.64,331.33,332.4,1665979200,546200.0,2022-10-17 04:00:00
342.16,359.26,339.58,350.86,1666065600,440000.0,2022-10-18 04:00:00
335.49,342.64,330.75,340.49,1666152000,317600.0,2022-10-19 04:00:00
331.2,339.59,330.71,334.68,1666238400,369700.0,2022-10-20 04:00:00
337.65,338.46,320.81,331.13,1666324800,440800.0,2022-10-21 04:00:00
344.94,345.38,336.03,339.97,1666584000,322500.0,2022-10-24 04:00:00
352.35,356.19,345.88,345.88,1666670400,543200.0,2022-10-25 04:00:00
358.3,365.78,352.26,353.68,1666756800,488100.0,2022-10-26 04:00:00
356.14,362.76,352.77,360.06,1666843200,491800.0,2022-10-27 04:00:00
364.28,365.21,352.79,355.0,1666929600,454500.0,2022-10-28 04:00:00
359.68,367.42,356.28,361.03,1667188800,675500.0,2022-10-31 04:00:00
394.93,400.64,375.0,375.06,1667275200,956500.0,2022-11-01 04:00:00
372.64,394.67,371.39,390.32,1667361600,914800.0,2022-11-02 04:00:00
369.19,375.85,354.81,366.44,1667448000,853800.0,2022-11-03 04:00:00
371.79,372.11,357.57,370.92,1667534400,560200.0,2022-11-04 04:00:00
385.2,385.44,373.0,375.15,1667797200,437800.0,2022-11-07 05:00:00
382.9,393.3,379.19,386.25,1667883600,496500.0,2022-11-08 05:00:00
379.88,383.29,375.44,378.48,1667970000,431100.0,2022-11-09 05:00:00
416.06,417.47,399.88,400.87,1668056400,664400.0,2022-11-10 05:00:00
441.27,442.2,416.7,416.7,1668142800,872900.0,2022-11-11 05:00:00
428.03,446.74,427.79,443.05,1668402000,504400.0,2022-11-14 05:00:00
434.38,442.5,428.71,436.97,1668488400,546700.0,2022-11-15 05:00:00
426.08,437.2,425.27,435.2,1668574800,366600.0,2022-11-16 05:00:00
410.44,420.31,407.21,420.31,1668661200,592800.0,2022-11-17 05:00:00
413.89,416.62,408.46,414.09,1668747600,344000.0,2022-11-18 05:00:00
412.89,415.77,408.95,410.57,1669006800,315000.0,2022-11-21 05:00:00
412.13,413.48,405.33,413.48,1669093200,366300.0,2022-11-22 05:00:00
416.53,417.77,409.98,415.0,1669179600,334900.0,2022-11-23 05:00:00
411.36,413.85,407.31,412.19,1669352400,188100.0,2022-11-25 05:00:00
400.1,407.86,398.88,406.57,1669611600,408300.0,2022-11-28 05:00:00
408.96,410.04,396.76,397.37,1669698000,444700.0,2022-11-29 05:00:00
425.87,427.72,405.22,407.5,1669784400,839400.0,2022-11-30 05:00:00
439.17,440.06,423.26,426.1,1669870800,533100.0,2022-12-01 05:00:00
435.3,437.87,423.0,428.55,1669957200,372700.0,2022-12-02 05:00:00
422.3,429.77,419.07,428.38,1670216400,345800.0,2022-12-05 05:00:00
415.39,422.98,411.94,421.44,1670302800,316600.0,2022-12-06 05:00:00
420.1,424.5,413.2,413.2,1670389200,302700.0,2022-12-07 05:00:00
428.54,431.08,417.97,419.65,1670475600,393800.0,2022-12-08 05:00:00
420.63,429.59,420.39,427.17,1670562000,300400.0,2022-12-09 05:00:00
423.11,423.42,417.91,422.35,1670821200,294600.0,2022-12-12 05:00:00
435.35,448.01,433.16,446.19,1670907600,620300.0,2022-12-13 05:00:00
430.03,439.6,425.44,432.09,1670994000,567300.0,2022-12-14 05:00:00
415.38,422.05,412.91,420.14,1671080400,447400.0,2022-12-15 05:00:00
407.71,413.35,404.84,411.02,1671166800,990700.0,2022-12-16 05:00:00
402.17,408.78,400.42,406.83,1671426000,355500.0,2022-12-19 05:00:00
405.71,406.89,395.1,401.42,1671512400,376200.0,2022-12-20 05:00:00
418.06,422.14,407.87,411.14,1671598800,367300.0,2022-12-21 05:00:00
412.96,413.23,403.22,411.25,1671685200,312300.0,2022-12-22 05:00:00
410.58,413.03,407.84,411.4,1671771600,191900.0,2022-12-23 05:00:00
404.8,412.39,402.58,410.61,1672117200,273600.0,2022-12-27 05:00:00
399.93,413.18,399.43,405.33,1672203600,323400.0,2022-12-28 05:00:00
410.38,412.91,402.68,403.17,1672290000,397900.0,2022-12-29 05:00:00
407.96,408.12,401.67,405.82,1672376400,297400.0,2022-12-30 05:00:00
406.01,420.14,399.27,409.92,1672722000,394500.0,2023-01-03 05:00:00
422.43,424.86,414.53,415.17,1672808400,442200.0,2023-01-04 05:00:00
419.2,421.71,410.4,416.24,1672894800,551000.0,2023-01-05 05:00:00
447.77,448.99,412.31,426.0,1672981200,1239200.0,2023-01-06 05:00:00
448.08,459.49,444.35,451.02,1673240400,892200.0,2023-01-09 05:00:00
469.11,469.33,442.8,442.8,1673326800,646200.0,2023-01-10 05:00:00
463.02,482.31,461.07,472.58,1673413200,766600.0,2023-01-11 05:00:00
469.71,470.72,454.52,461.33,1673499600,376700.0,2023-01-12 05:00:00
479.08,480.74,464.3,466.69,1673586000,484100.0,2023-01-13 05:00:00
480.19,483.62,469.41,473.02,1673931600,436700.0,2023-01-17 05:00:00
481.32,494.4,480.33,485.83,1674018000,525100.0,2023-01-18 05:00:00
475.13,479.74,468.18,475.5,1674104400,338200.0,2023-01-19 05:00:00
488.88,491.07,472.26,475.48,1674190800,562500.0,2023-01-20 05:00:00
496.14,497.48,485.74,486.77,1674450000,544000.0,2023-01-23 05:00:00
486.7,493.89,484.39,492.37,1674536400,420900.0,2023-01-24 05:00:00
485.18,485.84,473.58,481.09,1674622800,531800.0,2023-01-25 05:00:00
487.0,492.97,480.27,490.44,1674709200,714900.0,2023-01-26 05:00:00
487.0,488.28,479.75,483.45,1674795600,435700.0,2023-01-27 05:00:00
482.95,489.02,480.93,483.88,1675054800,414100.0,2023-01-30 05:00:00
480.5,486.22,477.36,483.0,1675141200,556700.0,2023-01-31 05:00:00
483.2,489.37,478.01,482.01,1675227600,1174200.0,2023-02-01 05:00:00
504.22,504.47,486.04,488.21,1675314000,866100.0,2023-02-02 05:00:00
482.41,497.38,478.21,497.38,1675400400,817300.0,2023-02-03 05:00:00
485.53,497.85,462.6,491.2,1675659600,997000.0,2023-02-06 05:00:00
507.68,510.4,481.64,485.9,1675746000,830100.0,2023-02-07 05:00:00
497.43,504.77,492.97,500.0,1675832400,540100.0,2023-02-08 05:00:00
486.74,505.77,484.89,500.84,1675918800,538100.0,2023-02-09 05:00:00
485.73,488.89,481.02,484.1,1676005200,354700.0,2023-02-10 05:00:00
496.68,497.19,488.95,490.27,1676264400,367800.0,2023-02-13 05:00:00
503.65,506.88,493.07,496.0,1676350800,458500.0,2023-02-14 05:00:00
514.59,514.64,499.51,500.59,1676437200,442200.0,2023-02-15 05:00:00
506.4,515.79,501.14,501.14,1676523600,511100.0,2023-02-16 05:00:00
496.46,503.76,490.76,503.76,1676610000,472600.0,2023-02-17 05:00:00
478.17,489.25,476.4,486.63,1676955600,461100.0,2023-02-21 05:00:00
476.29,480.32,468.23,479.17,1677042000,387100.0,2023-02-22 05:00:00
478.35,481.77,472.48,478.46,1677128400,462000.0,2023-02-23 05:00:00
468.17,470.68,462.29,467.67,1677214800,319400.0,2023-02-24 05:00:00
468.18,476.19,466.26,474.67,1677474000,277500.0,2023-02-27 05:00:00
473.24,477.13,465.28,465.28,1677560400,365700.0,2023-02-28 05:00:00
469.1,472.67,465.4,470.86,1677646800,275000.0,2023-03-01 05:00:00
476.13,477.32,464.8,464.8,1677733200,241600.0,2023-03-02 05:00:00
488.0,488.96,476.21,477.75,1677819600,366300.0,2023-03-03 05:00:00
486.16,493.55,484.25,488.18,1678078800,255600.0,2023-03-06 05:00:00
473.99,488.62,473.4,487.68,1678165200,267800.0,2023-03-07 05:00:00
482.22,482.5,474.09,477.97,1678251600,336000.0,2023-03-08 05:00:00
472.28,488.65,471.15,484.4,1678338000,534300.0,2023-03-09 05:00:00
454.86,471.5,452.77,471.5,1678424400,456300.0,2023-03-10 05:00:00
460.92,468.26,447.56,452.84,1678680000,509900.0,2023-03-13 04:00:00
471.42,476.47,464.12,469.04,1678766400,474700.0,2023-03-14 04:00:00
464.97,466.97,453.15,462.8,1678852800,401600.0,2023-03-15 04:00:00
474.11,477.46,462.32,462.32,1678939200,386200.0,2023-03-16 04:00:00
471.36,477.52,465.99,474.58,1679025600,731200.0,2023-03-17 04:00:00
483.26,484.05,468.37,472.3,1679284800,291700.0,2023-03-20 04:00:00
495.4,496.69,486.29,486.29,1679371200,386300.0,2023-03-21 04:00:00
475.03,493.04,474.74,493.04,1679457600,427700.0,2023-03-22 04:00:00
478.74,492.46,473.21,481.61,1679544000,358000.0,2023-03-23 04:00:00
485.51,485.71,471.61,478.98,1679630400,268200.0,2023-03-24 04:00:00
489.05,493.46,485.64,488.15,1679889600,256900.0,2023-03-27 04:00:00
488.14,494.97,484.39,486.11,1679976000,252200.0,2023-03-28 04:00:00
487.62,495.57,485.3,495.2,1680062400,298100.0,2023-03-29 04:00:00
493.55,496.68,490.95,494.3,1680148800,314600.0,2023-03-30 04:00:00
500.08,500.48,494.69,496.86,1680235200,507500.0,2023-03-31 04:00:00
489.27,501.75,479.07,500.0,1680494400,579200.0,2023-04-03 04:00:00
484.01,495.85,481.83,489.84,1680580800,482700.0,2023-04-04 04:00:00
476.69,484.84,475.95,482.51,1680667200,413200.0,2023-04-05 04:00:00
472.52,475.19,468.47,474.94,1680753600,529700.0,2023-04-06 04:00:00
477.22,477.84,461.02,469.09,1681099200,367900.0,2023-04-10 04:00:00
478.13,480.42,472.89,479.63,1681185600,327600.0,2023-04-11 04:00:00
470.9,487.19,469.89,483.6,1681272000,483200.0,2023-04-12 04:00:00
480.01,480.5,472.37,475.72,1681358400,403700.0,2023-04-13 04:00:00
482.49,482.93,474.1,478.79,1681444800,322900.0,2023-04-14 04:00:00
481.52,485.31,475.29,483.32,1681704000,262600.0,2023-04-17 04:00:00
482.12,485.26,479.23,485.26,1681790400,308800.0,2023-04-18 04:00:00
487.7,488.96,480.79,481.0,1681876800,339600.0,2023-04-19 04:00:00
490.61,496.25,484.12,485.22,1681963200,424400.0,2023-04-20 04:00:00
495.65,496.13,487.25,490.82,1682049600,239500.0,2023-04-21 04:00:00
503.61,503.89,495.54,496.76,1682308800,268400.0,2023-04-24 04:00:00
483.23,503.5,482.58,500.39,1682395200,417400.0,2023-04-25 04:00:00
481.44,484.97,478.02,481.67,1682481600,289400.0,2023-04-26 04:00:00
484.62,486.73,478.34,482.78,1682568000,384100.0,2023-04-27 04:00:00
492.16,493.13,483.05,483.05,1682654400,365600.0,2023-04-28 04:00:00
489.6,498.96,488.0,492.2,1682913600,430500.0,2023-05-01 04:00:00
467.38,481.0,459.52,481.0,1683000000,669600.0,2023-05-02 04:00:00
478.83,489.0,471.41,471.41,1683086400,511100.0,2023-05-03 04:00:00
469.51,480.39,467.76,478.86,1683172800,389900.0,2023-05-04 04:00:00
488.49,491.01,473.02,473.49,1683259200,443300.0,2023-05-05 04:00:00
485.53,489.29,482.55,488.49,1683518400,359600.0,2023-05-08 04:00:00
479.37,483.99,478.53,482.16,1683604800,220600.0,2023-05-09 04:00:00
485.11,491.1,478.78,485.0,1683691200,288900.0,2023-05-10 04:00:00
486.73,491.0,481.71,488.09,1683777600,228700.0,2023-05-11 04:00:00
487.47,488.54,481.94,488.02,1683864000,278900.0,2023-05-12 04:00:00
489.88,491.61,485.44,488.54,1684123200,339600.0,2023-05-15 04:00:00
491.93,496.22,485.56,488.59,1684209600,489800.0,2023-05-16 04:00:00
487.12,495.04,482.07,493.76,1684296000,362400.0,2023-05-17 04:00:00
492.06,494.4,482.13,486.01,1684382400,352100.0,2023-05-18 04:00:00
488.1,501.39,486.76,495.81,1684468800,434700.0,2023-05-19 04:00:00
486.25,495.34,485.52,490.0,1684728000,337500.0,2023-05-22 04:00:00
461.08,481.56,455.46,481.56,1684814400,596800.0,2023-05-23 04:00:00
463.51,464.74,453.59,456.66,1684900800,382300.0,2023-05-24 04:00:00
458.06,464.32,457.11,464.32,1684987200,390400.0,2023-05-25 04:00:00
468.94,470.01,458.89,460.07,1685073600,376900.0,2023-05-26 04:00:00
466.22,475.74,464.71,469.35,1685419200,322000.0,2023-05-30 04:00:00
464.77,466.33,454.29,466.33,1685505600,709600.0,2023-05-31 04:00:00
469.84,472.57,461.16,464.61,1685592000,380900.0,2023-06-01 04:00:00
470.83,478.3,467.32,471.86,1685678400,384400.0,2023-06-02 04:00:00
465.28,469.99,459.76,468.95,1685937600,416800.0,2023-06-05 04:00:00
459.53,464.78,456.34,464.49,1686024000,371700.0,2023-06-06 04:00:00
450.7,458.45,446.0,456.51,1686110400,554100.0,2023-06-07 04:00:00
453.0,457.0,448.73,450.64,1686196800,386900.0,2023-06-08 04:00:00
450.87,454.72,449.39,451.18,1686283200,359800.0,2023-06-09 04:00:00
460.48,460.7,449.75,452.21,1686542400,357000.0,2023-06-12 04:00:00
468.47,470.65,461.89,461.89,1686628800,410200.0,2023-06-13 04:00:00
466.97,473.5,463.77,470.15,1686715200,296300.0,2023-06-14 04:00:00
481.42,483.01,464.97,467.74,1686801600,457900.0,2023-06-15 04:00:00
483.03,488.47,477.45,486.57,1686888000,707200.0,2023-06-16 04:00:00
482.22,484.36,470.43,475.94,1687233600,345900.0,2023-06-20 04:00:00
485.82,490.76,478.0,482.22,1687320000,565600.0,2023-06-21 04:00:00
490.72,492.85,484.19,485.82,1687406400,305800.0,2023-06-22 04:00:00
487.78,489.94,482.43,488.01,1687492800,694300.0,2023-06-23 04:00:00
481.82,488.38,476.93,485.21,1687752000,403200.0,2023-06-26 04:00:00
484.2,485.44,475.79,484.44,1687838400,437600.0,2023-06-27 04:00:00
491.34,498.05,482.34,484.59,1687924800,428500.0,2023-06-28 04:00:00
494.49,495.27,483.96,485.88,1688011200,369000.0,2023-06-29 04:00:00
502.23,506.56,495.89,500.0,1688097600,429900.0,2023-06-30 04:00:00
490.18,497.4,485.4,497.4,1688356800,280900.0,2023-07-03 04:00:00
492.46,494.72,486.79,487.08,1688529600,334900.0,2023-07-05 04:00:00
491.23,492.02,479.34,484.51,1688616000,326700.0,2023-07-06 04:00:00
498.01,501.75,489.49,491.0,1688702400,452600.0,2023-07-07 04:00:00
521.21,521.81,498.86,498.86,1688961600,732000.0,2023-07-10 04:00:00
514.82,525.87,511.6,521.97,1689048000,588600.0,2023-07-11 04:00:00
525.68,527.48,513.17,520.0,1689134400,613300.0,2023-07-12 04:00:00
532.8,535.33,522.2,526.38,1689220800,448000.0,2023-07-13 04:00:00
536.89,541.4,528.32,530.21,1689307200,547300.0,2023-07-14 04:00:00
551.84,554.26,529.58,535.97,1689566400,575900.0,2023-07-17 04:00:00
547.47,547.9,534.22,547.41,1689652800,653900.0,2023-07-18 04:00:00
547.75,554.3,544.67,548.96,1689739200,370500.0,2023-07-19 04:00:00
542.86,549.64,540.09,544.17,1689825600,432900.0,2023-07-20 04:00:00
554.6,558.76,541.79,543.76,1689912000,1621900.0,2023-07-21 04:00:00
554.03,558.46,550.4,553.18,1690171200,351100.0,2023-07-24 04:00:00
556.67,561.48,550.18,551.39,1690257600,347600.0,2023-07-25 04:00:00
556.16,556.69,547.58,550.59,1690344000,335500.0,2023-07-26 04:00:00
545.96,564.74,544.12,563.32,1690430400,483800.0,2023-07-27 04:00:00
552.78,557.16,545.33,555.45,1690516800,373300.0,2023-07-28 04:00:00
554.73,556.04,547.9,553.71,1690776000,501900.0,2023-07-31 04:00:00
532.3,545.0,522.72,534.6,1690862400,674200.0,2023-08-01 04:00:00
519.18,530.29,510.72,527.88,1690948800,764500.0,2023-08-02 04:00:00
507.77,519.0,507.03,516.84,1691035200,438100.0,2023-08-03 04:00:00
504.08,509.9,502.96,508.35,1691121600,428300.0,2023-08-04 04:00:00
508.34,510.0,504.03,504.72,1691380800,332300.0,2023-08-07 04:00:00
509.76,511.44,500.61,504.39,1691467200,396200.0,2023-08-08 04:00:00
518.75,521.62,507.96,509.46,1691553600,585400.0,2023-08-09 04:00:00
507.49,522.45,505.37,521.23,1691640000,406800.0,2023-08-10 04:00:00
505.51,508.64,501.53,502.66,1691726400,324800.0,2023-08-11 04:00:00
507.7,510.94,506.38,509.14,1691985600,295700.0,2023-08-14 04:00:00
509.37,512.91,505.5,506.01,1692072000,297900.0,2023-08-15 04:00:00
499.55,511.99,499.23,509.87,1692158400,264300.0,2023-08-16 04:00:00
486.42,500.17,485.38,500.0,1692244800,390500.0,2023-08-17 04:00:00
483.73,485.78,481.32,482.2,1692331200,334800.0,2023-08-18 04:00:00
481.97,485.18,477.55,483.67,1692590400,418200.0,2023-08-21 04:00:00
488.35,489.35,481.94,482.46,1692676800,326000.0,2023-08-22 04:00:00
503.03,506.3,489.65,489.65,1692763200,543900.0,2023-08-23 04:00:00
486.02,508.44,486.01,505.96,1692849600,390500.0,2023-08-24 04:00:00
492.68,494.31,482.82,488.04,1692936000,242800.0,2023-08-25 04:00:00
493.08,500.37,491.09,498.17,1693195200,250500.0,2023-08-28 04:00:00
511.49,512.02,491.39,493.97,1693281600,334800.0,2023-08-29 04:00:00
510.81,518.47,509.6,511.5,1693368000,232100.0,2023-08-30 04:00:00
511.41,514.38,508.2,511.89,1693454400,958400.0,2023-08-31 04:00:00
511.29,516.06,507.06,516.06,1693540800,245100.0,2023-09-01 04:00:00
496.01,507.99,495.76,507.99,1693886400,342200.0,2023-09-05 04:00:00
487.96,492.53,483.5,490.1,1693972800,440600.0,2023-09-06 04:00:00
477.21,488.26,476.13,488.25,1694059200,600300.0,2023-09-07 04:00:00
465.79,478.27,463.75,476.44,1694145600,519200.0,2023-09-08 04:00:00
471.51,472.25,466.07,469.26,1694404800,411300.0,2023-09-11 04:00:00
470.12,475.22,464.36,465.79,1694491200,369700.0,2023-09-12 04:00:00
458.29,469.72,457.4,469.72,1694577600,470600.0,2023-09-13 04:00:00
462.08,462.48,456.03,461.86,1694664000,279600.0,2023-09-14 04:00:00
450.69,459.23,448.0,456.46,1694750400,770000.0,2023-09-15 04:00:00
450.27,453.81,449.02,451.14,1695009600,294000.0,2023-09-18 04:00:00
457.38,457.89,446.3,448.01,1695096000,415000.0,2023-09-19 04:00:00
455.35,467.92,455.3,463.5,1695182400,492400.0,2023-09-20 04:00:00
438.65,454.93,438.09,450.65,1695268800,535400.0,2023-09-21 04:00:00
435.69,440.72,434.44,439.99,1695355200,439100.0,2023-09-22 04:00:00
437.24,437.33,431.77,435.33,1695614400,371800.0,2023-09-25 04:00:00
432.42,438.09,430.81,436.3,1695700800,351700.0,2023-09-26 04:00:00
436.86,441.48,432.85,435.51,1695787200,452900.0,2023-09-27 04:00:00
436.98,441.7,434.98,437.98,1695873600,396100.0,2023-09-28 04:00:00
437.27,442.36,434.62,441.42,1695960000,363200.0,2023-09-29 04:00:00
430.95,435.0,425.51,435.0,1696219200,413100.0,2023-10-02 04:00:00
425.21,430.87,422.11,427.57,1696305600,313300.0,2023-10-03 04:00:00
433.21,433.99,425.7,428.46,1696392000,304000.0,2023-10-04 04:00:00
430.52,432.24,420.22,432.17,1696478400,395600.0,2023-10-05 04:00:00
445.98,448.04,425.66,425.66,1696564800,581200.0,2023-10-06 04:00:00
442.25,444.46,435.91,444.03,1696824000,372600.0,2023-10-09 04:00:00
450.7,453.19,438.12,446.93,1696910400,596000.0,2023-10-10 04:00:00
445.88,456.78,444.82,451.59,1696996800,700400.0,2023-10-11 04:00:00
428.31,447.27,427.44,447.27,1697083200,527500.0,2023-10-12 04:00:00
426.18,437.73,420.33,429.86,1697169600,1031800.0,2023-10-13 04:00:00
429.55,436.47,428.82,433.82,1697428800,625400.0,2023-10-16 04:00:00
436.09,436.33,420.78,425.11,1697515200,323000.0,2023-10-17 04:00:00
425.32,433.75,425.16,433.75,1697601600,382400.0,2023-10-18 04:00:00
425.68,430.94,421.19,427.93,1697688000,285100.0,2023-10-19 04:00:00
427.0,430.28,423.07,425.68,1697774400,439700.0,2023-10-20 04:00:00
427.72,431.17,422.39,428.15,1698033600,279200.0,2023-10-23 04:00:00
430.77,431.82,421.34,427.82,1698120000,389900.0,2023-10-24 04:00:00
412.68,425.62,411.25,425.62,1698206400,441000.0,2023-10-25 04:00:00
397.43,410.0,390.06,410.0,1698292800,787800.0,2023-10-26 04:00:00
391.37,401.21,390.51,398.05,1698379200,681000.0,2023-10-27 04:00:00
396.39,399.88,387.44,394.1,1698638400,725300.0,2023-10-30 04:00:00
399.47,403.98,395.72,397.99,1698724800,668400.0,2023-10-31 04:00:00
395.35,395.86,372.5,388.37,1698811200,1532000.0,2023-11-01 04:00:00
419.44,421.96,395.37,401.17,1698897600,879300.0,2023-11-02 04:00:00
429.3,435.83,422.63,425.04,1698984000,627600.0,2023-11-03 04:00:00
423.02,433.96,419.54,430.92,1699246800,487600.0,2023-11-06 05:00:00
422.47,427.25,418.6,423.75,1699333200,463500.0,2023-11-07 05:00:00
427.73,429.76,423.01,426.93,1699419600,401200.0,2023-11-08 05:00:00
418.75,432.25,417.49,428.86,1699506000,414700.0,2023-11-09 05:00:00
428.73,431.75,417.94,423.46,1699592400,499100.0,2023-11-10 05:00:00
432.39,436.17,428.12,428.44,1699851600,408300.0,2023-11-13 05:00:00
454.25,458.8,445.51,445.51,1699938000,545800.0,2023-11-14 05:00:00
460.56,466.2,454.69,454.69,1700024400,502500.0,2023-11-15 05:00:00
466.64,469.0,460.64,463.13,1700110800,461100.0,2023-11-16 05:00:00
463.69,469.97,456.93,469.97,1700197200,666900.0,2023-11-17 05:00:00
472.93,473.95,459.53,462.55,1700456400,452700.0,2023-11-20 05:00:00
477.71,480.0,470.02,474.58,1700542800,316500.0,2023-11-21 05:00:00
478.33,484.07,476.71,480.97,1700629200,289700.0,2023-11-22 05:00:00
478.18,480.0,476.06,480.0,1700802000,142100.0,2023-11-24 05:00:00
479.63,480.83,473.27,477.24,1701061200,350200.0,2023-11-27 05:00:00
470.8,477.27,465.11,477.27,1701147600,486100.0,2023-11-28 05:00:00
466.74,476.39,465.92,475.47,1701234000,473700.0,2023-11-29 05:00:00
465.82,466.47,458.97,466.02,1701320400,686100.0,2023-11-30 05:00:00
482.6,484.06,464.59,464.59,1701406800,485400.0,2023-12-01 05:00:00
516.61,517.93,495.0,495.07,1701666000,1154800.0,2023-12-04 05:00:00
518.95,519.47,507.93,511.56,1701752400,614400.0,2023-12-05 05:00:00
521.56,529.56,516.63,521.19,1701838800,681900.0,2023-12-06 05:00:00
523.08,524.93,517.93,522.0,1701925200,378200.0,2023-12-07 05:00:00
531.35,532.41,519.17,520.17,1702011600,540500.0,2023-12-08 05:00:00
536.12,541.19,531.59,531.59,1702270800,524800.0,2023-12-11 05:00:00
545.04,547.75,536.85,538.92,1702357200,431000.0,2023-12-12 05:00:00
557.56,559.08,542.0,545.13,1702443600,568600.0,2023-12-13 05:00:00
554.18,568.3,551.63,564.37,1702530000,1046600.0,2023-12-14 05:00:00
541.07,547.7,535.54,545.58,1702616400,1316900.0,2023-12-15 05:00:00
539.98,543.64,534.29,541.5,1702875600,408100.0,2023-12-18 05:00:00
545.7,546.02,539.87,543.53,1702962000,382400.0,2023-12-19 05:00:00
539.8,554.0,539.02,550.0,1703048400,521100.0,2023-12-20 05:00:00
552.61,554.54,540.91,546.05,1703134800,417800.0,2023-12-21 05:00:00
554.04,557.13,551.3,554.94,1703221200,310800.0,2023-12-22 05:00:00
556.01,557.01,551.27,554.09,1703566800,195600.0,2023-12-26 05:00:00
557.11,557.98,553.9,556.01,1703653200,177700.0,2023-12-27 05:00:00
557.02,562.89,556.17,562.89,1703739600,194800.0,2023-12-28 05:00:00
555.05,559.92,552.94,552.94,1703826000,203200.0,2023-12-29 05:00:00
547.69,554.92,542.0,548.4,1704171600,384500.0,2024-01-02 05:00:00
535.06,546.73,529.25,546.73,1704258000,417900.0,2024-01-03 05:00:00
538.5,540.89,530.45,530.45,1704344400,377500.0,2024-01-04 05:00:00
537.36,541.4,535.44,537.98,1704430800,387500.0,2024-01-05 05:00:00
543.96,545.63,537.67,540.88,1704690000,442200.0,2024-01-08 05:00:00
553.04,555.34,535.97,535.97,1704776400,409400.0,2024-01-09 05:00:00
554.24,555.36,548.49,552.08,1704862800,424700.0,2024-01-10 05:00:00
558.71,559.71,546.05,551.58,1704949200,463800.0,2024-01-11 05:00:00
535.29,564.8,534.83,563.0,1705035600,624900.0,2024-01-12 05:00:00
520.0,536.5,519.52,533.69,1705381200,817100.0,2024-01-16 05:00:00
515.48,520.04,507.61,516.23,1705467600,753500.0,2024-01-17 05:00:00
525.28,525.76,515.5,515.91,1705554000,696200.0,2024-01-18 05:00:00
523.82,525.51,513.33,525.23,1705640400,443000.0,2024-01-19 05:00:00
531.43,537.85,525.91,525.91,1705899600,449000.0,2024-01-22 05:00:00
531.52,534.98,524.0,533.73,1705986000,293700.0,2024-01-23 05:00:00
520.21,537.73,519.99,535.37,1706072400,358000.0,2024-01-24 05:00:00
522.44,530.13,519.96,525.98,1706158800,325300.0,2024-01-25 05:00:00
524.98,529.42,521.43,526.59,1706245200,385200.0,2024-01-26 05:00:00
532.06,532.7,522.18,523.71,1706504400,316600.0,2024-01-29 05:00:00
521.03,527.79,517.15,520.8,1706590800,467000.0,2024-01-30 05:00:00
515.08,524.33,513.25,522.67,1706677200,436100.0,2024-01-31 05:00:00
527.28,527.97,510.02,519.62,1706763600,457700.0,2024-02-01 05:00:00
527.14,531.37,518.49,521.68,1706850000,607800.0,2024-02-02 05:00:00
572.12,573.63,531.51,531.51,1707109200,921400.0,2024-02-05 05:00:00
567.0,579.68,561.97,575.96,1707195600,576100.0,2024-02-06 05:00:00
572.31,576.12,562.11,568.79,1707282000,626300.0,2024-02-07 05:00:00
573.61,575.95,562.42,565.72,1707368400,542600.0,2024-02-08 05:00:00
572.21,578.35,565.52,575.8,1707454800,320600.0,2024-02-09 05:00:00
565.56,569.84,561.22,568.96,1707714000,302000.0,2024-02-12 05:00:00
555.66,558.88,546.41,553.14,1707800400,336000.0,2024-02-13 05:00:00
560.56,562.74,555.52,558.54,1707886800,390800.0,2024-02-14 05:00:00
568.83,569.26,558.49,562.39,1707973200,308600.0,2024-02-15 05:00:00
555.54,565.37,555.0,565.15,1708059600,376900.0,2024-02-16 05:00:00
551.21,553.77,546.95,553.77,1708405200,441400.0,2024-02-20 05:00:00
554.77,555.22,545.69,552.0,1708491600,413700.0,2024-02-21 05:00:00
571.31,574.74,558.51,558.51,1708578000,428800.0,2024-02-22 05:00:00
576.29,577.52,568.76,568.76,1708664400,256600.0,2024-02-23 05:00:00
569.87,576.49,566.38,576.29,1708923600,348800.0,2024-02-26 05:00:00
575.07,576.57,567.67,569.61,1709010000,292500.0,2024-02-27 05:00:00
571.68,575.58,568.71,573.19,1709096400,270100.0,2024-02-28 05:00:00
575.23,576.84,568.88,573.13,1709182800,551800.0,2024-02-29 05:00:00
576.87,583.39,560.18,575.23,1709269200,375700.0,2024-03-01 05:00:00
571.28,580.18,565.01,578.34,1709528400,323500.0,2024-03-04 05:00:00
558.32,571.67,555.92,571.67,1709614800,417800.0,2024-03-05 05:00:00
557.46,567.03,557.29,563.59,1709701200,371800.0,2024-03-06 05:00:00
563.22,570.71,559.49,565.21,1709787600,375000.0,2024-03-07 05:00:00
561.41,574.94,559.32,564.81,1709874000,299100.0,2024-03-08 05:00:00
548.31,562.25,544.31,562.25,1710129600,465000.0,2024-03-11 04:00:00
546.84,552.2,543.16,549.12,1710216000,397000.0,2024-03-12 04:00:00
540.18,550.24,537.91,547.28,1710302400,315300.0,2024-03-13 04:00:00
535.58,542.43,531.55,540.68,1710388800,337100.0,2024-03-14 04:00:00
529.77,536.85,526.73,530.12,1710475200,829400.0,2024-03-15 04:00:00
529.81,535.69,529.0,532.83,1710734400,379500.0,2024-03-18 04:00:00
534.42,536.58,529.03,529.1,1710820800,335000.0,2024-03-19 04:00:00
529.5,535.48,524.54,533.27,1710907200,422500.0,2024-03-20 04:00:00
532.09,541.84,530.74,535.0,1710993600,428500.0,2024-03-21 04:00:00
530.72,537.78,526.88,532.92,1711080000,251400.0,2024-03-22 04:00:00
529.71,534.99,524.52,530.19,1711339200,363900.0,2024-03-25 04:00:00
530.6,533.77,526.15,528.27,1711425600,398100.0,2024-03-26 04:00:00
539.57,540.92,533.99,537.78,1711512000,308800.0,2024-03-27 04:00:00
539.93,543.33,537.39,542.2,1711598400,290100.0,2024-03-28 04:00:00
532.41,542.41,528.11,541.37,1711944000,302400.0,2024-04-01 04:00:00
521.67,527.6,518.54,527.6,1712030400,382300.0,2024-04-02 04:00:00
524.04,530.76,521.1,521.1,1712116800,333000.0,2024-04-03 04:00:00
518.1,532.44,516.81,530.69,1712203200,354000.0,2024-04-04 04:00:00
519.54,524.06,516.92,518.1,1712289600,434900.0,2024-04-05 04:00:00
514.7,521.04,512.64,519.83,1712548800,415200.0,2024-04-08 04:00:00
519.81,522.39,510.5,515.64,1712635200,390100.0,2024-04-09 04:00:00
504.14,512.72,500.68,510.35,1712721600,427900.0,2024-04-10 04:00:00
503.1,509.12,502.25,504.18,1712808000,388100.0,2024-04-11 04:00:00
497.79,501.44,492.99,497.5,1712894400,513700.0,2024-04-12 04:00:00
491.29,506.57,489.81,506.57,1713153600,495300.0,2024-04-15 04:00:00
489.57,495.94,488.77,490.62,1713240000,556500.0,2024-04-16 04:00:00
478.24,490.49,477.63,489.44,1713326400,533300.0,2024-04-17 04:00:00
477.79,483.1,475.56,478.29,1713412800,399900.0,2024-04-18 04:00:00
476.35,482.21,471.42,482.2,1713499200,568600.0,2024-04-19 04:00:00
479.57,481.94,473.86,479.48,1713758400,419600.0,2024-04-22 04:00:00
493.8,494.45,481.49,482.6,1713844800,558400.0,2024-04-23 04:00:00
494.26,497.4,487.88,489.24,1713931200,493000.0,2024-04-24 04:00:00
489.24,494.82,479.88,494.82,1714017600,358500.0,2024-04-25 04:00:00
499.3,500.48,484.03,484.03,1714104000,529800.0,2024-04-26 04:00:00
505.34,508.88,500.47,500.47,1714363200,414100.0,2024-04-29 04:00:00
492.76,506.59,491.81,503.37,1714449600,754700.0,2024-04-30 04:00:00
468.04,485.0,462.0,473.0,1714536000,1018200.0,2024-05-01 04:00:00
475.82,477.67,465.6,465.6,1714622400,518300.0,2024-05-02 04:00:00
480.6,493.98,478.45,485.82,1714708800,548000.0,2024-05-03 04:00:00
476.87,484.99,473.8,481.85,1714968000,298200.0,2024-05-06 04:00:00
483.68,486.16,478.12,478.41,1715054400,368100.0,2024-05-07 04:00:00
487.07,487.37,475.97,481.8,1715140800,604600.0,2024-05-08 04:00:00
500.82,505.07,488.28,488.28,1715227200,546600.0,2024-05-09 04:00:00
509.82,510.62,501.68,502.42,1715313600,526500.0,2024-05-10 04:00:00
503.02,514.62,501.23,513.49,1715572800,374400.0,2024-05-13 04:00:00
521.11,522.38,505.38,505.76,1715659200,636600.0,2024-05-14 04:00:00
548.53,548.88,523.68,523.68,1715745600,823800.0,2024-05-15 04:00:00
540.94,547.22,538.91,544.77,1715832000,525200.0,2024-05-16 04:00:00
543.45,543.85,538.43,540.94,1715918400,446000.0,2024-05-17 04:00:00
530.07,545.43,528.84,543.67,1716177600,517400.0,2024-05-20 04:00:00
518.44,529.18,518.4,524.93,1716264000,486500.0,2024-05-21 04:00:00
517.94,522.65,516.25,520.58,1716350400,494500.0,2024-05-22 04:00:00
516.1,524.82,511.78,522.01,1716436800,503800.0,2024-05-23 04:00:00
516.5,524.35,514.3,518.9,1716523200,267200.0,2024-05-24 04:00:00
505.4,514.24,501.81,514.24,1716868800,499300.0,2024-05-28 04:00:00
498.35,507.37,496.08,500.0,1716955200,465600.0,2024-05-29 04:00:00
499.77,501.93,495.04,500.69,1717041600,514700.0,2024-05-30 04:00:00
496.95,504.72,491.16,500.17,1717128000,935400.0,2024-05-31 04:00:00
492.43,498.42,486.99,495.28,1717387200,473600.0,2024-06-03 04:00:00
491.06,492.0,483.02,491.25,1717473600,775900.0,2024-06-04 04:00:00
495.84,498.6,493.0,495.07,1717560000,428400.0,2024-06-05 04:00:00
497.84,502.51,490.31,492.49,1717646400,486400.0,2024-06-06 04:00:00
497.51,501.2,493.2,494.44,1717732800,380900.0,2024-06-07 04:00:00
508.26,511.92,492.74,492.74,1717992000,564800.0,2024-06-10 04:00:00
506.2,508.02,501.52,506.54,1718078400,348800.0,2024-06-11 04:00:00
514.28,521.52,509.47,512.0,1718164800,414200.0,2024-06-12 04:00:00
506.12,512.7,488.73,511.13,1718251200,463000.0,2024-06-13 04:00:00
504.0,508.9,500.52,504.13,1718337600,386700.0,2024-06-14 04:00:00
504.33,504.94,495.54,500.16,1718596800,509800.0,2024-06-17 04:00:00
503.6,504.76,497.88,501.08,1718683200,621900.0,2024-06-18 04:00:00
495.96,502.13,493.78,502.13,1718856000,752900.0,2024-06-20 04:00:00
495.73,500.61,490.0,497.72,1718942400,1215400.0,2024-06-21 04:00:00
491.49,496.35,487.91,494.4,1719201600,703900.0,2024-06-24 04:00:00
491.08,495.35,487.44,493.49,1719288000,717700.0,2024-06-25 04:00:00
488.61,492.72,486.92,489.42,1719374400,394900.0,2024-06-26 04:00:00
493.96,494.16,485.18,487.44,1719460800,350000.0,2024-06-27 04:00:00
487.2,496.25,484.93,493.76,1719547200,863800.0,2024-06-28 04:00:00
476.4,490.7,474.45,486.44,1719806400,435900.0,2024-07-01 04:00:00
477.23,480.81,473.09,477.27,1719892800,414000.0,2024-07-02 04:00:00
477.49,479.77,472.67,475.91,1719979200,297200.0,2024-07-03 04:00:00
486.0,488.89,475.31,476.26,1720152000,381800.0,2024-07-05 04:00:00
483.73,487.32,481.53,486.46,1720411200,225000.0,2024-07-08 04:00:00
477.89,483.0,476.83,482.73,1720497600,292500.0,2024-07-09 04:00:00
483.39,483.7,470.96,478.53,1720584000,328100.0,2024-07-10 04:00:00
487.78,494.7,486.18,486.18,1720670400,409400.0,2024-07-11 04:00:00
492.74,500.23,488.34,490.88,1720756800,351800.0,2024-07-12 04:00:00
482.7,491.36,481.4,490.8,1721016000,418100.0,2024-07-15 04:00:00
499.52,502.32,483.93,484.03,1721102400,795400.0,2024-07-16 04:00:00
496.47,516.96,491.77,497.81,1721188800,627600.0,2024-07-17 04:00:00
470.74,490.0,468.04,489.03,1721275200,748200.0,2024-07-18 04:00:00
468.2,476.22,462.71,475.56,1721361600,750300.0,2024-07-19 04:00:00
475.29,479.3,466.98,474.9,1721620800,576600.0,2024-07-22 04:00:00
470.41,479.34,469.93,477.91,1721707200,398500.0,2024-07-23 04:00:00
471.34,478.48,463.94,469.78,1721793600,671700.0,2024-07-24 04:00:00
470.68,484.23,469.84,476.11,1721880000,591200.0,2024-07-25 04:00:00
469.71,476.23,467.8,476.23,1721966400,588400.0,2024-07-26 04:00:00
472.63,473.11,458.0,469.71,1722225600,763200.0,2024-07-29 04:00:00
474.69,481.86,470.76,475.0,1722312000,557700.0,2024-07-30 04:00:00
476.12,484.41,472.64,477.0,1722398400,557600.0,2024-07-31 04:00:00
477.84,487.48,473.93,475.33,1722484800,507000.0,2024-08-01 04:00:00
468.63,481.85,457.8,476.21,1722571200,827100.0,2024-08-02 04:00:00
455.08,463.13,446.28,459.0,1722830400,1134000.0,2024-08-05 04:00:00
469.37,489.25,465.0,465.0,1722916800,1132900.0,2024-08-06 04:00:00
467.07,486.54,464.99,471.75,1723003200,648700.0,2024-08-07 04:00:00
483.91,484.38,467.02,469.27,1723089600,515200.0,2024-08-08 04:00:00
482.84,486.9,476.99,482.41,1723176000,354000.0,2024-08-09 04:00:00
479.93,483.89,477.25,481.31,1723435200,326100.0,2024-08-12 04:00:00
487.82,492.08,483.0,483.0,1723521600,531500.0,2024-08-13 04:00:00
474.94,485.73,466.76,485.51,1723608000,542700.0,2024-08-14 04:00:00
485.52,491.3,474.19,479.85,1723694400,616200.0,2024-08-15 04:00:00
492.26,495.63,479.72,483.47,1723780800,590400.0,2024-08-16 04:00:00
496.99,498.34,489.42,493.8,1724040000,366400.0,2024-08-19 04:00:00
494.01,503.6,492.73,496.99,1724126400,334400.0,2024-08-20 04:00:00
494.99,497.22,491.03,495.82,1724212800,303500.0,2024-08-21 04:00:00
491.73,497.94,489.51,497.39,1724299200,252500.0,2024-08-22 04:00:00
488.13,497.54,487.6,495.71,1724385600,255500.0,2024-08-23 04:00:00
484.07,491.51,482.4,489.99,1724644800,279600.0,2024-08-26 04:00:00
482.56,485.88,480.26,483.47,1724731200,278600.0,2024-08-27 04:00:00
481.48,487.33,480.19,481.03,1724817600,276600.0,2024-08-28 04:00:00
487.28,492.67,483.4,485.46,1724904000,395400.0,2024-08-29 04:00:00
481.33,491.21,476.56,489.37,1724990400,406300.0,2024-08-30 04:00:00
469.01,481.88,467.81,475.91,1725336000,437500.0,2024-09-03 04:00:00
471.29,473.12,466.11,468.3,1725422400,276000.0,2024-09-04 04:00:00
469.18,472.41,465.53,471.13,1725508800,278700.0,2024-09-05 04:00:00
472.35,477.53,467.31,469.78,1725595200,433000.0,2024-09-06 04:00:00
480.34,485.13,475.69,476.98,1725854400,449500.0,2024-09-09 04:00:00
495.95,496.79,481.11,481.11,1725940800,476700.0,2024-09-10 04:00:00
490.26,494.84,475.62,494.84,1726027200,359300.0,2024-09-11 04:00:00
497.04,497.22,481.2,490.26,1726113600,293500.0,2024-09-12 04:00:00
500.55,508.07,495.6,497.35,1726200000,321900.0,2024-09-13 04:00:00
511.38,512.1,503.76,505.05,1726459200,296100.0,2024-09-16 04:00:00
512.27,519.54,511.47,513.27,1726545600,405900.0,2024-09-17 04:00:00
511.3,521.73,505.72,512.27,1726632000,360500.0,2024-09-18 04:00:00
517.06,530.6,515.68,523.81,1726718400,333800.0,2024-09-19 04:00:00
506.74,515.32,504.47,515.32,1726804800,688900.0,2024-09-20 04:00:00
507.66,510.31,502.24,509.2,1727064000,364500.0,2024-09-23 04:00:00
506.38,511.83,505.2,508.07,1727150400,323800.0,2024-09-24 04:00:00
497.76,508.95,496.45,508.47,1727236800,301600.0,2024-09-25 04:00:00
509.03,509.24,500.72,503.96,1727323200,366500.0,2024-09-26 04:00:00
511.78,518.97,509.47,514.76,1727409600,279200.0,2024-09-27 04:00:00
505.22,512.62,500.16,510.74,1727668800,390300.0,2024-09-30 04:00:00
495.42,505.52,493.27,505.22,1727755200,339000.0,2024-10-01 04:00:00
485.97,495.01,484.58,495.01,1727841600,408100.0,2024-10-02 04:00:00
483.52,484.01,477.29,481.63,1727928000,379500.0,2024-10-03 04:00:00
477.67,492.41,475.0,489.56,1728014400,468700.0,2024-10-04 04:00:00
472.41,475.45,468.05,474.49,1728273600,395000.0,2024-10-07 04:00:00
475.53,478.92,470.27,472.66,1728360000,436900.0,2024-10-08 04:00:00
474.65,480.64,470.47,473.21,1728446400,347100.0,2024-10-09 04:00:00
473.28,473.9,465.16,468.0,1728532800,344400.0,2024-10-10 04:00:00
476.27,484.61,474.92,474.92,1728619200,490800.0,2024-10-11 04:00:00
478.0,479.58,474.33,478.0,1728878400,512400.0,2024-10-14 04:00:00
473.92,486.87,473.02,478.37,1728964800,607200.0,2024-10-15 04:00:00
463.89,474.54,460.36,474.54,1729051200,991100.0,2024-10-16 04:00:00
460.01,467.95,458.05,466.6,1729137600,552200.0,2024-10-17 04:00:00
457.74,460.87,453.17,458.8,1729224000,747300.0,2024-10-18 04:00:00
453.38,457.5,447.84,456.02,1729483200,993600.0,2024-10-21 04:00:00
461.49,462.59,449.39,453.49,1729569600,646100.0,2024-10-22 04:00:00
457.9,460.24,452.44,456.9,1729656000,647400.0,2024-10-23 04:00:00
452.27,461.54,452.12,458.67,1729742400,532700.0,2024-10-24 04:00:00
451.41,456.23,450.13,455.67,1729828800,508400.0,2024-10-25 04:00:00
449.44,456.84,447.96,455.39,1730088000,616400.0,2024-10-28 04:00:00
447.83,452.45,443.2,447.73,1730174400,702800.0,2024-10-29 04:00:00
451.08,456.66,445.43,445.43,1730260800,962100.0,2024-10-30 04:00:00
406.92,430.0,404.74,430.0,1730347200,2006400.0,2024-10-31 04:00:00
417.28,422.09,408.58,408.58,1730433600,994100.0,2024-11-01 04:00:00
414.52,422.92,413.21,419.36,1730696400,923600.0,2024-11-04 05:00:00
415.98,418.54,412.32,413.83,1730782800,533200.0,2024-11-05 05:00:00
423.42,432.75,412.61,431.86,1730869200,1074500.0,2024-11-06 05:00:00
433.0,435.24,425.29,428.21,1730955600,966300.0,2024-11-07 05:00:00
433.28,434.48,428.75,430.01,1731042000,655700.0,2024-11-08 05:00:00
437.3,444.84,433.91,434.49,1731301200,653100.0,2024-11-11 05:00:00
426.11,436.75,425.64,433.97,1731387600,681600.0,2024-11-12 05:00:00
429.82,432.81,425.79,426.54,1731474000,621800.0,2024-11-13 05:00:00
423.65,430.11,423.29,428.01,1731560400,553800.0,2024-11-14 05:00:00
420.91,424.5,408.95,423.34,1731646800,690200.0,2024-11-15 05:00:00
419.83,424.05,418.95,421.5,1731906000,437500.0,2024-11-18 05:00:00
416.34,421.96,414.35,416.65,1731992400,748600.0,2024-11-19 05:00:00
418.61,419.41,410.29,413.38,1732078800,650800.0,2024-11-20 05:00:00
418.55,419.79,398.5,409.55,1732165200,537100.0,2024-11-21 05:00:00
417.24,422.98,415.8,420.41,1732251600,503400.0,2024-11-22 05:00:00
428.59,430.88,421.76,422.16,1732510800,1140900.0,2024-11-25 05:00:00
417.32,429.06,414.46,429.0,1732597200,587800.0,2024-11-26 05:00:00
421.76,423.36,417.48,419.91,1732683600,486200.0,2024-11-27 05:00:00
421.75,426.96,421.5,424.03,1732856400,338600.0,2024-11-29 05:00:00
430.77,431.17,423.1,424.94,1733115600,711000.0,2024-12-02 05:00:00
432.11,436.02,423.44,429.83,1733202000,731900.0,2024-12-03 05:00:00
434.43,437.96,425.43,432.22,1733288400,1303300.0,2024-12-04 05:00:00
427.49,436.05,425.16,431.29,1733374800,520300.0,2024-12-05 05:00:00
435.69,436.2,426.48,426.48,1733461200,551900.0,2024-12-06 05:00:00
450.68,453.26,438.01,442.13,1733720400,783800.0,2024-12-09 05:00:00
444.72,452.2,442.37,450.38,1733806800,695200.0,2024-12-10 05:00:00
437.08,452.83,436.86,449.01,1733893200,566700.0,2024-12-11 05:00:00
437.18,442.22,433.01,437.61,1733979600,415500.0,2024-12-12 05:00:00
432.1,437.03,430.47,435.57,1734066000,353700.0,2024-12-13 05:00:00
430.47,438.37,429.5,430.02,1734325200,497900.0,2024-12-16 05:00:00
427.09,440.0,426.95,429.87,1734411600,638400.0,2024-12-17 05:00:00
410.76,427.14,410.51,426.37,1734498000,579400.0,2024-12-18 05:00:00
409.03,415.75,407.52,410.77,1734584400,681500.0,2024-12-19 05:00:00
412.26,418.26,404.36,406.83,1734670800,1122200.0,2024-12-20 05:00:00
413.16,413.37,408.4,409.93,1734930000,413300.0,2024-12-23 05:00:00
413.62,414.25,409.84,412.35,1735016400,159900.0,2024-12-24 05:00:00
417.11,417.96,409.76,411.0,1735189200,333000.0,2024-12-26 05:00:00
414.93,417.44,410.43,413.73,1735275600,375000.0,2024-12-27 05:00:00
412.75,414.7,406.17,410.94,1735534800,388200.0,2024-12-30 05:00:00
413.44,418.65,411.4,414.68,1735621200,388200.0,2024-12-31 05:00:00
408.85,420.79,406.52,417.15,1735794000,373900.0,2025-01-02 05:00:00
415.53,417.31,407.09,410.6,1735880400,341200.0,2025-01-03 05:00:00
429.16,435.13,415.53,415.53,1736139600,627100.0,2025-01-06 05:00:00
427.26,434.86,424.27,428.34,1736226000,521500.0,2025-01-07 05:00:00
432.36,437.5,421.82,426.66,1736312400,738200.0,2025-01-08 05:00:00
418.05,431.01,417.76,427.25,1736485200,694900.0,2025-01-10 05:00:00
422.62,424.02,412.68,417.06,1736744400,647100.0,2025-01-13 05:00:00
418.63,423.11,413.18,422.49,1736830800,388000.0,2025-01-14 05:00:00
422.92,431.54,422.36,424.82,1736917200,587300.0,2025-01-15 05:00:00
428.62,429.49,416.33,422.71,1737003600,365600.0,2025-01-16 05:00:00
419.26,432.95,418.66,429.3,1737090000,798800.0,2025-01-17 05:00:00
427.33,430.07,421.46,423.44,1737435600,761700.0,2025-01-21 05:00:00
430.59,437.27,423.65,425.79,1737522000,532000.0,2025-01-22 05:00:00
432.34,434.56,426.11,429.49,1737608400,403900.0,2025-01-23 05:00:00
435.33,436.58,429.08,429.62,1737694800,638000.0,2025-01-24 05:00:00
427.52,437.62,419.66,435.07,1737954000,1876200.0,2025-01-27 05:00:00
417.86,427.33,414.66,427.33,1738040400,1333800.0,2025-01-28 05:00:00
418.75,422.17,405.84,417.95,1738126800,876400.0,2025-01-29 05:00:00
423.99,431.38,420.86,424.29,1738213200,518600.0,2025-01-30 05:00:00
422.05,427.07,420.43,424.6,1738299600,912300.0,2025-01-31 05:00:00
469.04,474.67,445.0,465.0,1738558800,1508800.0,2025-02-03 05:00:00
465.03,466.26,458.79,464.47,1738645200,824500.0,2025-02-04 05:00:00
468.55,471.82,457.23,469.24,1738731600,749200.0,2025-02-05 05:00:00
460.56,469.99,458.82,468.67,1738818000,646300.0,2025-02-06 05:00:00
459.78,468.8,457.35,465.0,1738904400,624600.0,2025-02-07 05:00:00
464.91,466.53,458.86,460.68,1739163600,829900.0,2025-02-10 05:00:00
463.74,467.69,460.28,460.65,1739250000,516800.0,2025-02-11 05:00:00
457.35,460.36,451.89,458.7,1739336400,634000.0,2025-02-12 05:00:00
459.76,462.92,452.0,458.18,1739422800,601100.0,2025-02-13 05:00:00
444.53,463.63,444.37,463.63,1739509200,553800.0,2025-02-14 05:00:00
449.06,452.84,440.99,444.72,1739854800,632100.0,2025-02-18 05:00:00
450.99,452.4,444.5,448.0,1739941200,578700.0,2025-02-19 05:00:00
452.86,457.7,450.39,451.62,1740027600,615700.0,2025-02-20 05:00:00
452.77,460.38,452.46,454.41,1740114000,773200.0,2025-02-21 05:00:00
463.66,465.18,452.19,453.95,1740373200,837000.0,2025-02-24 05:00:00
459.86,467.02,451.9,464.61,1740459600,836400.0,2025-02-25 05:00:00
457.81,465.04,455.69,455.77,1740546000,583100.0,2025-02-26 05:00:00
441.03,460.09,440.58,457.33,1740632400,705600.0,2025-02-27 05:00:00
437.11,442.6,423.82,442.01,1740718800,1055300.0,2025-02-28 05:00:00
437.15,443.56,434.45,438.81,1740978000,691000.0,2025-03-03 05:00:00
441.61,448.69,436.4,439.45,1741064400,1063500.0,2025-03-04 05:00:00
437.23,447.41,429.27,438.0,1741150800,892700.0,2025-03-05 05:00:00
429.03,439.41,427.54,433.34,1741237200,661700.0,2025-03-06 05:00:00
430.12,434.39,420.84,429.03,1741323600,654300.0,2025-03-07 05:00:00
436.48,447.44,430.0,430.0,1741579200,996100.0,2025-03-10 04:00:00
426.69,439.87,426.51,439.81,1741665600,880100.0,2025-03-11 04:00:00
412.4,428.81,412.21,426.66,1741752000,838700.0,2025-03-12 04:00:00
406.29,422.72,404.6,411.17,1741838400,723500.0,2025-03-13 04:00:00
415.3,418.86,409.0,409.0,1741924800,645200.0,2025-03-14 04:00:00
422.36,424.49,414.72,415.89,1742184000,568500.0,2025-03-17 04:00:00
419.52,425.81,417.84,420.98,1742270400,463800.0,2025-03-18 04:00:00
422.15,423.9,417.08,418.52,1742356800,463300.0,2025-03-19 04:00:00
420.62,425.6,418.99,421.33,1742443200,537500.0,2025-03-20 04:00:00
420.99,421.95,411.28,415.44,1742529600,706600.0,2025-03-21 04:00:00
423.6,430.16,420.73,424.51,1742788800,616800.0,2025-03-24 04:00:00
417.66,424.28,414.39,422.52,1742875200,878000.0,2025-03-25 04:00:00
417.71,420.21,415.81,418.28,1742961600,760700.0,2025-03-26 04:00:00
422.54,424.17,417.04,419.18,1743048000,998900.0,2025-03-27 04:00:00
415.87,423.81,415.22,422.54,1743134400,470200.0,2025-03-28 04:00:00
419.95,421.8,411.59,416.58,1743393600,926100.0,2025-03-31 04:00:00
418.57,427.09,415.05,417.47,1743480000,518200.0,2025-04-01 04:00:00
426.25,427.21,413.05,414.35,1743566400,532500.0,2025-04-02 04:00:00
410.76,417.93,407.07,417.41,1743652800,948400.0,2025-04-03 04:00:00
393.73,405.81,393.5,404.48,1743739200,1635600.0,2025-04-04 04:00:00
378.99,395.65,366.5,377.25,1743998400,1818000.0,2025-04-07 04:00:00
361.04,388.85,357.81,385.19,1744084800,1489600.0,2025-04-08 04:00:00
397.1,398.73,356.14,356.98,1744171200,2190300.0,2025-04-09 04:00:00
381.83,397.08,372.32,394.15,1744257600,1274300.0,2025-04-10 04:00:00
390.94,392.58,375.06,381.49,1744344000,1329100.0,2025-04-11 04:00:00
404.65,405.27,391.05,394.0,1744603200,926700.0,2025-04-14 04:00:00
404.02,407.15,399.26,404.89,1744689600,985100.0,2025-04-15 04:00:00
402.38,408.43,398.75,400.7,1744776000,867600.0,2025-04-16 04:00:00
411.49,412.62,402.86,405.45,1744862400,965500.0,2025-04-17 04:00:00
406.65,412.31,402.85,409.47,1745208000,872900.0,2025-04-21 04:00:00
421.59,423.44,409.11,410.53,1745294400,949700.0,2025-04-22 04:00:00
426.63,441.08,426.02,429.21,1745380800,1091400.0,2025-04-23 04:00:00
440.98,441.87,424.48,429.03,1745467200,746800.0,2025-04-24 04:00:00
437.44,440.5,432.08,438.63,1745553600,939300.0,2025-04-25 04:00:00
433.99,440.26,427.7,435.53,1745812800,909600.0,2025-04-28 04:00:00
436.97,439.01,429.11,433.69,1745899200,718300.0,2025-04-29 04:00:00
432.65,440.0,428.09,436.38,1745985600,1400300.0,2025-04-30 04:00:00
471.38,481.93,462.05,468.18,1746072000,1397500.0,2025-05-01 04:00:00
471.9,483.91,466.57,478.0,1746158400,1030900.0,2025-05-02 04:00:00
475.07,482.28,466.74,471.9,1746417600,1208500.0,2025-05-05 04:00:00
473.71,479.72,465.0,470.42,1746504000,890200.0,2025-05-06 04:00:00
486.61,488.49,471.74,473.71,1746590400,667500.0,2025-05-07 04:00:00
489.98,495.56,485.41,487.14,1746676800,865600.0,2025-05-08 04:00:00
491.7,493.77,487.3,490.32,1746763200,668600.0,2025-05-09 04:00:00
509.53,509.84,498.53,500.0,1747022400,692600.0,2025-05-12 04:00:00
509.13,512.72,504.2,508.96,1747108800,558400.0,2025-05-13 04:00:00
509.42,510.72,503.72,507.0,1747195200,552600.0,2025-05-14 04:00:00
511.99,513.33,505.0,508.08,1747281600,469400.0,2025-05-15 04:00:00
518.1,518.41,509.07,514.05,1747368000,524900.0,2025-05-16 04:00:00
521.68,521.73,508.57,511.83,1747627200,427600.0,2025-05-19 04:00:00
517.16,523.48,513.93,517.88,1747713600,606900.0,2025-05-20 04:00:00
500.87,518.15,498.78,513.74,1747800000,664500.0,2025-05-21 04:00:00
504.83,508.02,497.02,499.24,1747886400,555000.0,2025-05-22 04:00:00
501.57,502.18,496.61,498.0,1747972800,443600.0,2025-05-23 04:00:00
516.5,517.8,505.81,507.03,1748318400,636600.0,2025-05-27 04:00:00
514.33,516.65,507.75,514.9,1748404800,479100.0,2025-05-28 04:00:00
515.55,520.0,510.64,518.07,1748491200,362400.0,2025-05-29 04:00:00
513.36,515.92,506.28,514.27,1748577600,1221800.0,2025-05-30 04:00:00
514.8,514.85,504.56,508.72,1748836800,501700.0,2025-06-02 04:00:00
525.83,526.36,510.99,513.55,1748923200,608800.0,2025-06-03 04:00:00
524.86,530.73,524.71,526.32,1749009600,503300.0,2025-06-04 04:00:00
522.21,526.45,520.95,524.86,1749096000,453200.0,2025-06-05 04:00:00
524.91,526.21,522.28,525.58,1749182400,265300.0,2025-06-06 04:00:00
518.6,525.62,513.54,523.4,1749441600,328200.0,2025-06-09 04:00:00
525.93,525.93,517.44,519.41,1749528000,402500.0,2025-06-10 04:00:00
524.18,528.38,520.88,526.31,1749614400,374100.0,2025-06-11 04:00:00
526.92,528.2,520.65,524.18,1749700800,379300.0,2025-06-12 04:00:00
522.7,526.09,519.01,520.96,1749787200,411500.0,2025-06-13 04:00:00
528.77,530.12,522.42,525.91,1750046400,371800.0,2025-06-16 04:00:00
520.59,526.88,513.92,526.88,1750132800,430600.0,2025-06-17 04:00:00
519.85,524.7,515.0,518.62,1750219200,590900.0,2025-06-18 04:00:00
523.92,525.18,517.14,519.85,1750392000,1052500.0,2025-06-20 04:00:00
524.65,527.36,517.52,523.52,1750651200,399800.0,2025-06-23 04:00:00
530.5,530.74,520.36,526.0,1750737600,391000.0,2025-06-24 04:00:00
530.4,533.32,527.29,531.69,1750824000,520400.0,2025-06-25 04:00:00
527.78,532.94,524.65,528.8,1750910400,546600.0,2025-06-26 04:00:00
531.32,535.2,526.5,527.78,1750996800,624800.0,2025-06-27 04:00:00
536.34,537.47,528.66,530.39,1751256000,471100.0,2025-06-30 04:00:00
542.65,546.39,529.51,533.88,1751342400,631400.0,2025-07-01 04:00:00
542.71,546.0,538.7,541.48,1751428800,380200.0,2025-07-02 04:00:00
547.01,548.54,537.0,539.02,1751515200,339000.0,2025-07-03 04:00:00
545.56,549.52,540.68,546.46,1751860800,448600.0,2025-07-07 04:00:00
538.84,548.01,536.55,544.33,1751947200,485900.0,2025-07-08 04:00:00
540.64,543.57,533.9,541.51,1752033600,435100.0,2025-07-09 04:00:00
541.09,548.53,538.19,540.42,1752120000,290200.0,2025-07-10 04:00:00
533.37,538.92,527.88,538.92,1752206400,348300.0,2025-07-11 04:00:00
531.42,535.63,529.51,530.71,1752465600,323700.0,2025-07-14 04:00:00
526.66,532.77,525.57,531.74,1752552000,389200.0,2025-07-15 04:00:00
520.57,521.27,506.91,517.0,1752638400,471800.0,2025-07-16 04:00:00
518.71,521.52,516.06,518.6,1752724800,367700.0,2025-07-17 04:00:00
514.61,523.05,513.25,523.05,1752811200,329500.0,2025-07-18 04:00:00
520.87,521.12,513.02,515.14,1753070400,486800.0,2025-07-21 04:00:00
532.0,533.47,520.16,523.05,1753156800,570000.0,2025-07-22 04:00:00
540.68,542.0,533.32,533.32,1753243200,489000.0,2025-07-23 04:00:00
549.97,551.1,537.53,537.81,1753329600,625300.0,2025-07-24 04:00:00
565.19,568.47,548.78,552.28,1753416000,1071500.0,2025-07-25 04:00:00
566.5,570.36,560.43,563.13,1753675200,613200.0,2025-07-28 04:00:00
573.07,575.35,567.04,568.9,1753761600,887800.0,2025-07-29 04:00:00
572.09,579.47,567.99,573.8,1753848000,704800.0,2025-07-30 04:00:00
534.31,562.57,533.42,562.57,1753934400,1033200.0,2025-07-31 04:00:00
535.54,539.11,527.81,530.38,1754020800,760500.0,2025-08-01 04:00:00
682.78,688.12,643.73,662.24,1754280000,3331900.0,2025-08-04 04:00:00
641.94,678.96,636.56,676.48,1754366400,1870200.0,2025-08-05 04:00:00
624.19,647.25,623.4,647.01,1754452800,816500.0,2025-08-06 04:00:00
650.06,650.5,628.81,629.74,1754539200,798800.0,2025-08-07 04:00:00
658.06,658.77,645.78,651.6,1754625600,566300.0,2025-08-08 04:00:00
652.11,665.52,646.68,662.0,1754884800,491900.0,2025-08-11 04:00:00
652.27,654.36,647.38,652.79,1754971200,506400.0,2025-08-12 04:00:00
663.92,665.03,648.92,651.15,1755057600,566300.0,2025-08-13 04:00:00
653.95,664.11,648.17,664.11,1755144000,504700.0,2025-08-14 04:00:00
650.84,661.1,650.78,655.54,1755230400,418100.0,2025-08-15 04:00:00
637.86,652.08,637.08,650.45,1755489600,437000.0,2025-08-18 04:00:00
636.71,642.82,635.54,638.0,1755576000,407200.0,2025-08-19 04:00:00
639.85,640.7,634.16,637.82,1755662400,525200.0,2025-08-20 04:00:00
633.05,638.53,632.57,637.05,1755748800,284100.0,2025-08-21 04:00:00
645.55,648.55,634.69,635.76,1755835200,352300.0,2025-08-22 04:00:00
641.35,644.13,636.0,639.33,1756094400,395600.0,2025-08-25 04:00:00
641.72,645.53,639.75,641.35,1756180800,416500.0,2025-08-26 04:00:00
640.86,647.0,637.67,642.61,1756267200,521500.0,2025-08-27 04:00:00
647.03,647.44,637.05,638.28,1756353600,309200.0,2025-08-28 04:00:00
647.09,652.0,642.29,647.95,1756440000,304900.0,2025-08-29 04:00:00
639.45,641.21,630.54,637.05,1756785600,440500.0,2025-09-02 04:00:00
633.95,642.01,626.24,640.99,1756872000,373500.0,2025-09-03 04:00:00
640.44,642.47,629.55,637.71,1756958400,440500.0,2025-09-04 04:00:00
642.99,649.16,630.87,640.0,1757044800,370400.0,2025-09-05 04:00:00
652.83,654.05,640.26,644.42,1757304000,460600.0,2025-09-08 04:00:00
655.6,655.77,647.79,652.83,1757390400,271800.0,2025-09-09 04:00:00
637.95,653.67,631.74,652.91,1757476800,389100.0,2025-09-10 04:00:00
645.16,648.29,637.14,637.14,1757563200,337000.0,2025-09-11 04:00:00
641.14,644.86,625.55,639.24,1757649600,317900.0,2025-09-12 04:00:00
643.99,651.33,641.73,641.73,1757908800,455300.0,2025-09-15 04:00:00
645.65,648.32,635.5,640.37,1757995200,404500.0,2025-09-16 04:00:00
640.86,651.05,637.0,644.59,1758081600,444500.0,2025-09-17 04:00:00
655.51,659.17,635.94,642.53,1758168000,474200.0,2025-09-18 04:00:00
656.16,661.39,648.85,659.58,1758254400,981500.0,2025-09-19 04:00:00
644.1,657.11,640.28,653.17,1758513600,386900.0,2025-09-22 04:00:00
648.38,649.47,640.34,640.34,1758600000,351200.0,2025-09-23 04:00:00
627.17,645.12,621.36,645.12,1758686400,464500.0,2025-09-24 04:00:00
618.17,621.13,613.28,620.93,1758772800,380000.0,2025-09-25 04:00:00
632.22,636.0,615.33,619.31,1758859200,344300.0,2025-09-26 04:00:00
630.56,636.34,619.0,636.34,1759118400,266100.0,2025-09-29 04:00:00
638.89,639.53,629.67,631.27,1759204800,367500.0,2025-09-30 04:00:00
620.11,638.24,600.57,630.72,1759291200,659800.0,2025-10-01 04:00:00
633.84,634.87,614.55,616.52,1759377600,415800.0,2025-10-02 04:00:00
631.19,642.25,627.97,637.01,1759464000,338500.0,2025-10-03 04:00:00
627.78,634.15,626.19,633.56,1759723200,247600.0,2025-10-06 04:00:00
627.28,639.11,622.15,639.11,1759809600,319800.0,2025-10-07 04:00:00
629.91,638.63,626.11,634.3,1759896000,521400.0,2025-10-08 04:00:00
628.75,631.79,619.95,624.59,1759982400,384900.0,2025-10-09 04:00:00
616.15,628.75,615.0,628.75,1760068800,410700.0,2025-10-10 04:00:00
633.32,634.29,621.83,622.66,1760328000,376900.0,2025-10-13 04:00:00
636.91,642.59,625.62,625.66,1760414400,365400.0,2025-10-14 04:00:00
639.15,642.91,631.78,640.2,1760500800,387100.0,2025-10-15 04:00:00
637.34,651.5,628.17,643.44,1760587200,524600.0,2025-10-16 04:00:00
635.4,637.48,627.43,633.88,1760673600,277000.0,2025-10-17 04:00:00
643.41,644.92,634.91,638.2,1760932800,327300.0,2025-10-20 04:00:00
637.13,643.0,630.49,641.64,1761019200,408100.0,2025-10-21 04:00:00
633.78,642.41,628.6,642.41,1761105600,465400.0,2025-10-22 04:00:00
638.6,641.47,630.7,631.25,1761192000,532600.0,2025-10-23 04:00:00
640.85,650.37,639.08,641.76,1761278400,368200.0,2025-10-24 04:00:00
647.4,649.07,639.11,644.46,1761537600,452600.0,2025-10-27 04:00:00
634.36,646.0,633.18,640.53,1761624000,396800.0,2025-10-28 04:00:00
627.66,635.41,622.08,635.41,1761710400,489900.0,2025-10-29 04:00:00
628.54,632.94,626.87,627.66,1761796800,373200.0,2025-10-30 04:00:00
629.51,641.3,628.9,634.51,1761883200,974400.0,2025-10-31 04:00:00
722.94,735.0,691.73,693.0,1762146000,1652800.0,2025-11-03 05:00:00
722.12,726.5,706.59,717.44,1762232400,680700.0,2025-11-04 05:00:00
720.21,728.95,701.61,724.36,1762318800,590700.0,2025-11-05 05:00:00
713.74,720.0,694.0,712.48,1762405200,1094900.0,2025-11-06 05:00:00
708.45,716.71,700.2,710.15,1762491600,409900.0,2025-11-07 05:00:00
709.59,713.03,699.85,708.06,1762750800,351700.0,2025-11-10 05:00:00
712.47,718.52,709.09,710.94,1762837200,292000.0,2025-11-11 05:00:00
713.56,719.25,707.53,712.47,1762923600,468500.0,2025-11-12 05:00:00
701.48,715.89,698.18,709.83,1763010000,473400.0,2025-11-13 05:00:00
689.93,699.66,688.66,695.92,1763096400,468500.0,2025-11-14 05:00:00
669.0,697.93,666.97,689.93,1763355600,495700.0,2025-11-17 05:00:00
670.21,681.63,665.25,670.18,1763442000,574400.0,2025-11-18 05:00:00
697.1,701.74,670.21,673.75,1763528400,1010300.0,2025-11-19 05:00:00
689.35,710.72,688.48,697.82,1763614800,767700.0,2025-11-20 05:00:00
725.91,735.59,688.14,690.1,1763701200,972600.0,2025-11-21 05:00:00
752.14,759.33,726.81,733.05,1763960400,1314100.0,2025-11-24 05:00:00
766.68,769.24,750.36,751.75,1764046800,660800.0,2025-11-25 05:00:00
755.96,769.98,753.61,767.81,1764133200,426200.0,2025-11-26 05:00:00
752.88,757.24,748.0,756.02,1764306000,209000.0,2025-11-28 05:00:00
728.97,746.77,727.15,741.57,1764565200,805000.0,2025-12-01 05:00:00
732.73,738.33,722.29,732.4,1764651600,761300.0,2025-12-02 05:00:00
725.93,739.15,724.74,738.69,1764738000,504800.0,2025-12-03 05:00:00
717.47,732.03,714.17,725.56,1764824400,526200.0,2025-12-04 05:00:00
714.1,722.71,710.51,720.72,1764910800,386700.0,2025-12-05 05:00:00
706.65,721.5,705.0,717.47,1765170000,411700.0,2025-12-08 05:00:00
699.06,718.0,698.39,710.41,1765256400,409200.0,2025-12-09 05:00:00
701.83,707.46,693.72,702.19,1765342800,529400.0,2025-12-10 05:00:00
707.5,716.45,696.88,700.94,1765429200,417400.0,2025-12-11 05:00:00
704.2,715.19,697.26,710.46,1765515600,460700.0,2025-12-12 05:00:00
700.55,711.29,695.56,711.29,1765774800,571600.0,2025-12-15 05:00:00
693.18,703.71,687.68,697.51,1765861200,711700.0,2025-12-16 05:00:00
695.6,705.66,688.5,692.0,1765947600,473500.0,2025-12-17 05:00:00
697.1,711.68,693.37,699.26,1766034000,483800.0,2025-12-18 05:00:00
700.34,705.95,689.98,694.8,1766120400,1682500.0,2025-12-19 05:00:00
702.12,705.89,695.56,701.81,1766379600,353900.0,2025-12-22 05:00:00
682.31,700.0,676.06,695.96,1766466000,586300.0,2025-12-23 05:00:00
688.18,689.06,680.09,683.97,1766552400,219400.0,2025-12-24 05:00:00
688.48,689.1,682.74,687.15,1766725200,206700.0,2025-12-26 05:00:00
687.89,690.05,680.46,687.71,1766984400,289000.0,2025-12-29 05:00:00
682.32,687.83,680.88,683.9,1767070800,432400.0,2025-12-30 05:00:00
676.53,684.29,675.88,680.82,1767157200,292300.0,2025-12-31 05:00:00
669.99,678.89,661.89,676.53,1767330000,442900.0,2026-01-02 05:00:00
682.23,684.96,667.66,670.21,1767589200,518800.0,2026-01-05 05:00:00
706.83,707.53,675.9,677.86,1767675600,497500.0,2026-01-06 05:00:00
714.55,724.99,704.72,706.08,1767762000,542600.0,2026-01-07 05:00:00
712.39,713.99,694.52,707.29,1767848400,543100.0,2026-01-08 05:00:00
713.35,717.33,706.73,707.33,1767934800,511400.0,2026-01-09 05:00:00
724.76,725.53,702.01,708.86,1768194000,503000.0,2026-01-12 05:00:00
714.04,726.41,707.88,717.91,1768280400,336000.0,2026-01-13 05:00:00
710.48,712.2,701.49,710.21,1768366800,369600.0,2026-01-14 05:00:00
712.12,715.11,707.42,711.0,1768453200,320400.0,2026-01-15 05:00:00
715.37,719.95,710.96,715.05,1768539600,532100.0,2026-01-16 05:00:00
686.02,699.48,682.85,693.79,1768885200,560600.0,2026-01-20 05:00:00
696.46,709.24,681.0,689.15,1768971600,556500.0,2026-01-21 05:00:00
691.05,703.54,688.7,697.44,1769058000,453700.0,2026-01-22 05:00:00
693.85,698.29,687.46,689.82,1769144400,279300.0,2026-01-23 05:00:00
697.82,704.72,690.45,691.04,1769403600,379200.0,2026-01-26 05:00:00
694.75,705.82,692.64,697.14,1769490000,416100.0,2026-01-27 05:00:00
687.74,694.7,679.32,686.91,1769576400,426300.0,2026-01-28 05:00:00
676.71,687.91,671.64,684.06,1769662800,553400.0,2026-01-29 05:00:00
670.46,682.99,668.99,672.79,1769749200,762000.0,2026-01-30 05:00:00
639.6,658.75,622.37,657.01,1770008400,1016200.0,2026-02-02 05:00:00
632.56,650.72,629.27,635.59,1770094800,634100.0,2026-02-03 05:00:00
642.94,647.21,629.14,638.13,1770181200,615000.0,2026-02-04 05:00:00
643.59,651.35,636.36,643.83,1770267600,709800.0,2026-02-05 05:00:00
644.61,650.38,639.03,642.39,1770354000,562600.0,2026-02-06 05:00:00
639.79,647.72,629.73,647.72,1770613200,518200.0,2026-02-09 05:00:00
646.53,650.66,638.5,643.54,1770699600,491100.0,2026-02-10 05:00:00
648.73,649.74,636.77,640.92,1770786000,400100.0,2026-02-11 05:00:00
617.2,651.57,616.14,651.49,1770872400,628900.0,2026-02-12 05:00:00
629.35,636.05,606.04,616.77,1770958800,544000.0,2026-02-13 05:00:00
626.17,632.7,623.28,628.36,1771304400,440500.0,2026-02-17 05:00:00
634.9,639.19,623.42,625.89,1771390800,348200.0,2026-02-18 05:00:00
630.73,639.29,625.78,634.71,1771477200,307500.0,2026-02-19 05:00:00
635.66,638.14,625.22,626.75,1771563600,301700.0,2026-02-20 05:00:00
623.13,631.8,618.56,628.94,1771822800,515600.0,2026-02-23 05:00:00
649.23,652.64,617.0,623.13,1771909200,790900.0,2026-02-24 05:00:00
657.38,663.13,650.3,650.3,1771995600,504500.0,2026-02-25 05:00:00
660.71,666.14,650.0,657.57,1772082000,414300.0,2026-02-26 05:00:00
656.73,661.28,644.54,650.04,1772168400,799000.0,2026-02-27 05:00:00
636.7,647.04,627.39,639.48,1772427600,522300.0,2026-03-02 05:00:00
635.54,644.2,624.95,627.91,1772514000,501600.0,2026-03-03 05:00:00
648.7,651.06,630.24,633.5,1772600400,561200.0,2026-03-04 05:00:00
618.92,639.38,614.25,634.08,1772686800,611000.0,2026-03-05 05:00:00
608.41,615.48,594.94,607.59,1772773200,560500.0,2026-03-06 05:00:00
610.45,611.62,594.32,601.52,1773028800,477700.0,2026-03-09 04:00:00
598.85,610.43,598.1,607.96,1773115200,463100.0,2026-03-10 04:00:00
600.52,603.3,585.09,598.43,1773201600,409200.0,2026-03-11 04:00:00
571.21,596.24,570.35,592.87,1773288000,800600.0,2026-03-12 04:00:00
573.82,578.29,567.62,576.24,1773374400,456400.0,2026-03-13 04:00:00
586.37,592.59,576.54,577.51,1773633600,510600.0,2026-03-16 04:00:00
586.98,599.97,586.62,591.85,1773720000,426800.0,2026-03-17 04:00:00
577.12,586.95,574.85,581.91,1773806400,542300.0,2026-03-18 04:00:00
579.85,586.01,575.51,577.62,1773892800,482600.0,2026-03-19 04:00:00
577.26,581.36,569.89,576.78,1773979200,765300.0,2026-03-20 04:00:00
578.51,594.77,577.91,592.6,1774238400,415900.0,2026-03-23 04:00:00
570.21,576.51,565.33,573.4,1774324800,361500.0,2026-03-24 04:00:00
575.72,581.63,562.35,581.1,1774411200,419900.0,2026-03-25 04:00:00
573.29,586.21,570.98,575.26,1774497600,432400.0,2026-03-26 04:00:00
558.32,576.87,557.35,576.54,1774584000,445600.0,2026-03-27 04:00:00
557.09,567.71,555.73,560.95,1774843200,460700.0,2026-03-30 04:00:00
561.89,566.57,548.51,560.04,1774929600,823200.0,2026-03-31 04:00:00
564.66,568.75,557.5,561.67,1775016000,490500.0,2026-04-01 04:00:00
569.55,575.43,548.56,552.05,1775102400,734300.0,2026-04-02 04:00:00
577.44,580.9,565.87,566.17,1775448000,588600.0,2026-04-06 04:00:00
574.8,579.93,569.72,577.44,1775534400,621500.0,2026-04-07 04:00:00
591.84,605.82,588.43,601.17,1775620800,451600.0,2026-04-08 04:00:00
584.75,588.58,580.39,584.16,1775707200,448100.0,2026-04-09 04:00:00
563.0,582.24,559.39,579.67,1775793600,498600.0,2026-04-10 04:00:00
